pair_id,investigator_id,investigator_name,investigator_paradigm,investigator_family,evidence_top3,opportunity_id,notice_number,notice_title,designation,notice_family,purpose_excerpt,stratum,tier_a,reason_a,axis_reason_a,tier_b,reason_b,axis_reason_b,tier_adj,reason_adj,axis_reason_adj,notes
g001,b4a80e13-080a-4c22-b726-7d9df21c19be,Lewis L Lanier,Translational,translational,FcɛR1γ-based activating chimeric antigen receptor enhanced natural killer cell function against HLA-E+ cells. | SYK negatively regulates ITAM-mediated human NK cell signaling and CD19-CAR NK cell efficacy. | ITAM-based receptors in natural killer cells.,0527863e-e18a-43f2-aa19-7b4a71ebb983,PAR-25-272,New Approaches for Measuring Brain Changes Across Longer Timespans (R21 Clinical Trial Optional),Clinical Trial Optional,cross_cutting,"The purpose of this funding opportunity is to encourage multidisciplinary investigators to develop exploratory, highly novel new approaches, or innovative applications of existing approaches, to measure brain activity, connectivity, genomics, or other aspects across the age spectrum of neurodevelopment. The overarching goal is to extend our understanding of brain development and aging, including studies of the neurodevelopmental origins of later health and disease, by improving repeated measures across longer epochs of the lifespan to better predict outcomes at later ages. Research can…",current,,,,,,,,,,
g002,7c97da80-0237-4a11-87ea-54dd8a892923,Alexander Marson,Molecular / cellular mechanistic,discovery,Integrated epigenetic and genetic programming of primary human T cells. | FOXP3 expression depends on cell-type-specific cis-regulatory elements and transcription factor circuitry. | Causal modelling of gene effects from regulators to programs to traits.,fee49de7-e1f2-4c59-afce-4da5ec064ccb,PAS-27-028,"Science Track Award for Research Transition (START) Program (R03, Clinical Trial Optional)",Clinical Trial Optional,none,"The purpose of this notice of funding opportunity (NOFO) is to facilitate the entry of investigators into multiple high-priority areas of substance use research, including comorbidity with HIV. The Science Track Award for Research Transition (START) Program aims to provide investigators with the opportunity to gather preliminary data that will assist them in securing future research grants and advancing their scientific careers.",current,,,,,,,,,,
g003,7c97da80-0237-4a11-87ea-54dd8a892923,Alexander Marson,Molecular / cellular mechanistic,discovery,Integrated epigenetic and genetic programming of primary human T cells. | FOXP3 expression depends on cell-type-specific cis-regulatory elements and transcription factor circuitry. | Causal modelling of gene effects from regulators to programs to traits.,257a590e-b07f-49b0-8557-1a8b87214b78,PAR-24-325,Bioengineering Partnerships with Industry (U01 Clinical Trial Optional),Clinical Trial Optional,cross_cutting,"This Funding Opportunity Announcement (FOA) solicits applications from research partnerships formed by academic and industrial investigators to accelerate the development and adoption of promising bioengineering tools and technologies that can address important biomedical problems. The objectives are to establish these tools and technologies as robust, well-characterized solutions that fulfill an unmet need and are capable of enhancing our understanding of life science processes or the practice of medicine. Awards will focus on supporting multidisciplinary teams that apply an integrative,…",current,,,,,,,,,,
g004,31c0e2c5-6af5-4861-8c7f-29e8ce493f7c,Jennifer M Puck,Clinical observational,clinical,Neurodevelopmental outcomes following hematopoietic cell transplantation for patients with severe combined immunodeficiency (SCID): A PIDTC study. | The diagnosis of severe combined immunodeficiency: Implementation of the PIDTC 2022 Definitions. | Outcomes following matched sibling donor transplantation for severe combined immunodeficiency: a report from the PIDTC.,70777dc9-214e-4084-b5f2-4b9b8a954466,PAR-25-266,Innovative Screening Approaches and Therapies for Screenable Disorders in Newborns (R21 - Clinical Trial Optional),Clinical Trial Optional,none,"This NOFO encourages research relevant to the development of novel screening approaches and/or therapeutic interventions for conditions for which newborn screening has already been implemented, as well as for potentially fatal or disabling genetic conditions that could benefit in the near future from the early detection made possible by newborn screening. This research is especially critical given that accurate screening tests and demonstrable benefits of early intervention are often prerequisites for new conditions to be added to newborn screening panels.",current,,,,,,,,,,
g005,4b4fa146-0219-4ceb-919a-6afcfc00d64a,Ari B Molofsky,Animal-model research,preclinical,Type 2 lymphocytes restrict type 3 lymphocytes during liver fibrosis and colocalize in fibroblast niches. | Dynamic fibroblast-immune interactions shape recovery after brain injury. | Distinct early and late programs of fibroblast - immune crosstalk govern functional responses to brain injury (1R01AI180438-01A1 · FY2024 · R01),a3937a18-3da4-4711-b98f-27c472443108,PAR-27-081,Discovery of in vivo Chemical Probes for the Nervous System (R01 Clinical Trial Not Allowed),Clinical Trial Not Allowed,discovery,"The purpose of this Notice of Funding Opportunity (NOFO) is to support investigators who have the interest and capability to join efforts for the discovery of in vivo chemical probes for novel brain targets. It is expected that applicants will have, in hand, the starting compounds (validated hits) for chemical optimization and bioassays for testing new analog compounds. Through this NOFO, NIH wishes to stimulate research in: - Discovery and development of novel, small molecules for their potential use in understanding biological processes relevant to the missions of National Institute of…",current,,,,,,,,,,
g006,7c97da80-0237-4a11-87ea-54dd8a892923,Alexander Marson,Molecular / cellular mechanistic,discovery,Integrated epigenetic and genetic programming of primary human T cells. | FOXP3 expression depends on cell-type-specific cis-regulatory elements and transcription factor circuitry. | Causal modelling of gene effects from regulators to programs to traits.,a3937a18-3da4-4711-b98f-27c472443108,PAR-27-081,Discovery of in vivo Chemical Probes for the Nervous System (R01 Clinical Trial Not Allowed),Clinical Trial Not Allowed,discovery,"The purpose of this Notice of Funding Opportunity (NOFO) is to support investigators who have the interest and capability to join efforts for the discovery of in vivo chemical probes for novel brain targets. It is expected that applicants will have, in hand, the starting compounds (validated hits) for chemical optimization and bioassays for testing new analog compounds. Through this NOFO, NIH wishes to stimulate research in: - Discovery and development of novel, small molecules for their potential use in understanding biological processes relevant to the missions of National Institute of…",current,,,,,,,,,,
g007,04e59cf5-600a-462c-91bc-b2b97f122c3d,Kole T Roybal,Translational,translational,Synthetic Hybrid Receptors for Safer and Programmable T Cell Therapy. | Engineered receptors for soluble cellular communication and disease sensing. | Naturally occurring T cell mutations enhance engineered T cell therapies.,a3937a18-3da4-4711-b98f-27c472443108,PAR-27-081,Discovery of in vivo Chemical Probes for the Nervous System (R01 Clinical Trial Not Allowed),Clinical Trial Not Allowed,discovery,"The purpose of this Notice of Funding Opportunity (NOFO) is to support investigators who have the interest and capability to join efforts for the discovery of in vivo chemical probes for novel brain targets. It is expected that applicants will have, in hand, the starting compounds (validated hits) for chemical optimization and bioassays for testing new analog compounds. Through this NOFO, NIH wishes to stimulate research in: - Discovery and development of novel, small molecules for their potential use in understanding biological processes relevant to the missions of National Institute of…",current,,,,,,,,,,
g008,8dca35eb-d50f-4072-861a-2397f6eb379a,Averil Ma,Molecular / cellular mechanistic,discovery,Unrestrained MyD88 Signaling in A20-Deficient Keratinocytes Triggers T-Cell-Dependent Psoriatic Arthritis-Like Disease. | A New Mouse Model of Psoriatic Arthritis. | Base-editing a single missense mutation in A20 enhances CAR-T cell efficacy.,fee49de7-e1f2-4c59-afce-4da5ec064ccb,PAS-27-028,"Science Track Award for Research Transition (START) Program (R03, Clinical Trial Optional)",Clinical Trial Optional,none,"The purpose of this notice of funding opportunity (NOFO) is to facilitate the entry of investigators into multiple high-priority areas of substance use research, including comorbidity with HIV. The Science Track Award for Research Transition (START) Program aims to provide investigators with the opportunity to gather preliminary data that will assist them in securing future research grants and advancing their scientific careers.",current,,,,,,,,,,
g009,913f41b1-7d30-4eaa-90a9-d64cf6639d5c,Robert L Raffai,Animal-model research,preclinical,M2 macrophage exosomes reverse heart failure post-myocardial infarction by suppressing type 1 interferon signaling in myeloid cells. | M2 Macrophage Exosomes Reverse Cardiac Functional Decline in Mice with Diet-Induced Myocardial Infarction by Suppressing Type 1 Interferon Signaling in Myeloid Cells. | ShEEP Request for Vevo 3100 Preclinical Imaging System for Rodent Models of Cardiovascular Disease & Abdominal Cancer Biology (1IS1BX005550-01 · FY2022 · IS1),49640efe-2d80-4f97-8519-dd41989344d8,PAR-25-069,Mechanisms that Impact Cancer Risk with Use of Incretin Mimetics (R01 Clinical Trial Optional),Clinical Trial Optional,none,"Through this notice of funding opportunity (NOFO), the National Cancer Institute (NCI) invites applications for investigator-initiated studies addressing mechanisms by which incretin mimetics, specifically glucagon-like peptide (GLP)-1 or dual GLP-1/ glucose?dependent insulinotropic polypepide (GIP)-1 receptor agonists (RAs), impact cancer risk. The focus on these agents is due to their reported effects on thyroid, prostate and other cancer risks, and the generally more favorable efficacy and side effect profile compared to other classes of incretin mimetics. In addition, this NOFO seeks to…",current,,,,,,,,,,
g010,c65afc81-a5f0-4946-acfa-fc7576ca2218,Jayanta Debnath,Molecular / cellular mechanistic,discovery,Membrane ATG8ylation in secretory autophagy. | Autophagy-targeted NBR1-p62/SQSTM1 complexes promote breast cancer metastasis by sequestering ITCH. | LC3-dependent EV loading and secretion (LDELS) promotes TFRC (transferrin receptor) secretion via extracellular vesicles.,fee49de7-e1f2-4c59-afce-4da5ec064ccb,PAS-27-028,"Science Track Award for Research Transition (START) Program (R03, Clinical Trial Optional)",Clinical Trial Optional,none,"The purpose of this notice of funding opportunity (NOFO) is to facilitate the entry of investigators into multiple high-priority areas of substance use research, including comorbidity with HIV. The Science Track Award for Research Transition (START) Program aims to provide investigators with the opportunity to gather preliminary data that will assist them in securing future research grants and advancing their scientific careers.",current,,,,,,,,,,
g011,d319da9b-04c1-428d-a741-cae7f49cefaa,Katerina Akassoglou,Molecular / cellular mechanistic,discovery,"Neurovascular Interactions: Mechanisms, Imaging, Therapeutics (1R35NS143067-01 · FY2025 · R35) | Three-Dimensional Imaging of Fibrinogen and Neurovascular Alterations in Alzheimer's Disease. | Breaking barriers in postoperative delirium.",a3937a18-3da4-4711-b98f-27c472443108,PAR-27-081,Discovery of in vivo Chemical Probes for the Nervous System (R01 Clinical Trial Not Allowed),Clinical Trial Not Allowed,discovery,"The purpose of this Notice of Funding Opportunity (NOFO) is to support investigators who have the interest and capability to join efforts for the discovery of in vivo chemical probes for novel brain targets. It is expected that applicants will have, in hand, the starting compounds (validated hits) for chemical optimization and bioassays for testing new analog compounds. Through this NOFO, NIH wishes to stimulate research in: - Discovery and development of novel, small molecules for their potential use in understanding biological processes relevant to the missions of National Institute of…",current,,,,,,,,,,
g012,377f678d-3669-4a2e-a74b-afae07cdf6f0,Michael T McManus,Molecular / cellular mechanistic,discovery,Multiplexed perturbation enables scalable pooled screens. | Scalable imaging-based profiling of CRISPR perturbations with protein barcodes. | iSTAR Tregs (1U01DK137140-01 · FY2023 · U01),fee49de7-e1f2-4c59-afce-4da5ec064ccb,PAS-27-028,"Science Track Award for Research Transition (START) Program (R03, Clinical Trial Optional)",Clinical Trial Optional,none,"The purpose of this notice of funding opportunity (NOFO) is to facilitate the entry of investigators into multiple high-priority areas of substance use research, including comorbidity with HIV. The Science Track Award for Research Transition (START) Program aims to provide investigators with the opportunity to gather preliminary data that will assist them in securing future research grants and advancing their scientific careers.",current,,,,,,,,,,
g013,c3e2049b-4179-448b-8b06-a9fe4852fc1e,Emily L Goldberg,Molecular / cellular mechanistic,discovery,Class I histone deacetylases catalyze lysine lactylation. | Reversible histone deacetylase activity catalyzes lysine acylation. | Class I histone deacetylases catalyze lysine lactylation.,45031d63-28a3-40da-8a70-ff5fb2a8ac9e,PAR-25-070,Mechanisms that Impact Cancer Risk with Use of Incretin Mimetics (R21 Clinical Trial Not Allowed),Clinical Trial Not Allowed,discovery,"Through this notice of funding opportunity (NOFO), the National Cancer Institute (NCI) invites applications for investigator-initiated studies addressing mechanisms by which incretin mimetics, specifically glucagon-like peptide (GLP)-1 or dual GLP-1/glucose-dependent insulinotropic polypeptide (GIP)-1 receptor agonists (RAs), impact cancer risk. The focus on these agents is due to their reported effects on thyroid, prostate and other cancer risks, and the generally more favorable efficacy and side effect profile compared to other classes of incretin mimetics. In addition, this NOFO seeks to…",current,,,,,,,,,,
g014,139becf2-467a-478d-b373-71483f58ba30,Thomas Arnold,Molecular / cellular mechanistic,discovery,Structure-guiding tools to study the role of choline in the development of congenital hydrocephalus (1R01NS142590-01 · FY2025 · R01) | Targeting aVb8 integrin to restore astrocyte-microglia crosstalk to treat Alzheimer's disease (1R41AG092194-01A1 · FY2025 · R41) | Temporal and Spatial Gene Expression Dynamics in Neonatal HI Hippocampus with Focus on Arginase.,a3937a18-3da4-4711-b98f-27c472443108,PAR-27-081,Discovery of in vivo Chemical Probes for the Nervous System (R01 Clinical Trial Not Allowed),Clinical Trial Not Allowed,discovery,"The purpose of this Notice of Funding Opportunity (NOFO) is to support investigators who have the interest and capability to join efforts for the discovery of in vivo chemical probes for novel brain targets. It is expected that applicants will have, in hand, the starting compounds (validated hits) for chemical optimization and bioassays for testing new analog compounds. Through this NOFO, NIH wishes to stimulate research in: - Discovery and development of novel, small molecules for their potential use in understanding biological processes relevant to the missions of National Institute of…",current,,,,,,,,,,
g015,d319da9b-04c1-428d-a741-cae7f49cefaa,Katerina Akassoglou,Molecular / cellular mechanistic,discovery,"Neurovascular Interactions: Mechanisms, Imaging, Therapeutics (1R35NS143067-01 · FY2025 · R35) | Three-Dimensional Imaging of Fibrinogen and Neurovascular Alterations in Alzheimer's Disease. | Breaking barriers in postoperative delirium.",0527863e-e18a-43f2-aa19-7b4a71ebb983,PAR-25-272,New Approaches for Measuring Brain Changes Across Longer Timespans (R21 Clinical Trial Optional),Clinical Trial Optional,cross_cutting,"The purpose of this funding opportunity is to encourage multidisciplinary investigators to develop exploratory, highly novel new approaches, or innovative applications of existing approaches, to measure brain activity, connectivity, genomics, or other aspects across the age spectrum of neurodevelopment. The overarching goal is to extend our understanding of brain development and aging, including studies of the neurodevelopmental origins of later health and disease, by improving repeated measures across longer epochs of the lifespan to better predict outcomes at later ages. Research can…",current,,,,,,,,,,
g016,116cdac4-0f58-41ee-b753-b779b9b2784f,Satish K Pillai,Molecular / cellular mechanistic,discovery,microRNA-422a promotes HIV replication and innate immune evasion by targeting MECP2. | Modulation of Galectin-9 to Target HIV Persistence (1R01AI184421-01A1 · FY2024 · R01) | High-resolution Inference of Multiplexed Anti-HIV Gene Editing using Single-Cell Targeted DNA Sequencing.,fee49de7-e1f2-4c59-afce-4da5ec064ccb,PAS-27-028,"Science Track Award for Research Transition (START) Program (R03, Clinical Trial Optional)",Clinical Trial Optional,none,"The purpose of this notice of funding opportunity (NOFO) is to facilitate the entry of investigators into multiple high-priority areas of substance use research, including comorbidity with HIV. The Science Track Award for Research Transition (START) Program aims to provide investigators with the opportunity to gather preliminary data that will assist them in securing future research grants and advancing their scientific careers.",current,,,,,,,,,,
g017,ec18bb4c-dc98-4f76-a988-b1e4673941e9,Matthias Wabl,Molecular / cellular mechanistic,discovery,Insertional hypermutation in mineral oil-induced plasmacytomas. | Peptides presented by DNA-specific B lymphocytes in lupus (1R21AR065404-01A1 · FY2014 · R21) | Immunoglobulin heavy-chain class switching in a pre-B cell line is accompanied by DNA rearrangement.,fee49de7-e1f2-4c59-afce-4da5ec064ccb,PAS-27-028,"Science Track Award for Research Transition (START) Program (R03, Clinical Trial Optional)",Clinical Trial Optional,none,"The purpose of this notice of funding opportunity (NOFO) is to facilitate the entry of investigators into multiple high-priority areas of substance use research, including comorbidity with HIV. The Science Track Award for Research Transition (START) Program aims to provide investigators with the opportunity to gather preliminary data that will assist them in securing future research grants and advancing their scientific careers.",current,,,,,,,,,,
g018,be7ade9b-cda3-4266-b6c4-dfbcdb778110,Tippi C MacKenzie,Molecular / cellular mechanistic,discovery,In utero lipid nanoparticle delivery achieves robust editing in hematopoietic stem cells. | Prenatal AAV9-GFP administration in fetal lambs results in transduction of female germ cells and maternal exposure to virus. | Single nuclei and spatial profiling of sacrococcygeal teratomas reveals cellular composition and X inactivation heterogeneity.,70777dc9-214e-4084-b5f2-4b9b8a954466,PAR-25-266,Innovative Screening Approaches and Therapies for Screenable Disorders in Newborns (R21 - Clinical Trial Optional),Clinical Trial Optional,none,"This NOFO encourages research relevant to the development of novel screening approaches and/or therapeutic interventions for conditions for which newborn screening has already been implemented, as well as for potentially fatal or disabling genetic conditions that could benefit in the near future from the early detection made possible by newborn screening. This research is especially critical given that accurate screening tests and demonstrable benefits of early intervention are often prerequisites for new conditions to be added to newborn screening panels.",current,,,,,,,,,,
g019,b4b23925-cb44-4cee-b9b3-10ea0fa383b6,Samuel J Pleasure,Molecular / cellular mechanistic,discovery,Aberrant FGF signaling promotes granule neuron precursor expansion in SHH subgroup infantile medulloblastoma. | The Neocortical Progenitor Specification Program Is Established through Combined Modulation of SHH and FGF Signaling. | Antigen-directed therapies for autoantibody associated neuroinflammatory diseases. (1RM1NS138808-01 · FY2025 · RM1),a3937a18-3da4-4711-b98f-27c472443108,PAR-27-081,Discovery of in vivo Chemical Probes for the Nervous System (R01 Clinical Trial Not Allowed),Clinical Trial Not Allowed,discovery,"The purpose of this Notice of Funding Opportunity (NOFO) is to support investigators who have the interest and capability to join efforts for the discovery of in vivo chemical probes for novel brain targets. It is expected that applicants will have, in hand, the starting compounds (validated hits) for chemical optimization and bioassays for testing new analog compounds. Through this NOFO, NIH wishes to stimulate research in: - Discovery and development of novel, small molecules for their potential use in understanding biological processes relevant to the missions of National Institute of…",current,,,,,,,,,,
g020,783a319d-a2ee-42cd-ade4-4c495451953f,Nadia R Roan,Translational,translational,HIV-seq reveals gene expression differences between HIV-transcribing cells from viremic and suppressed people with HIV. | Multiomic analysis of ART-interruption cohorts identifies cell-extrinsic and -intrinsic mechanisms driving lymphocyte-mediated control of HIV rebound. | Persistent cytolytic CD8+ T cells recognize SARS-CoV-2 and herpesvirus epitopes in long COVID.,fee49de7-e1f2-4c59-afce-4da5ec064ccb,PAS-27-028,"Science Track Award for Research Transition (START) Program (R03, Clinical Trial Optional)",Clinical Trial Optional,none,"The purpose of this notice of funding opportunity (NOFO) is to facilitate the entry of investigators into multiple high-priority areas of substance use research, including comorbidity with HIV. The Science Track Award for Research Transition (START) Program aims to provide investigators with the opportunity to gather preliminary data that will assist them in securing future research grants and advancing their scientific careers.",current,,,,,,,,,,
g021,958d9cac-b96b-4c4f-a90c-6a40943c421f,Melanie Ott,Molecular / cellular mechanistic,discovery,Organoid and Primary Culture Core (1P01AI195327-01 · FY2026 · P01) | Targeted small molecule recruitment to suppress the HIV transcriptionally active reservoir (1R01DA063159-01 · FY2025 · R01) | Regulation of virion production by the ORF8 signal peptide across SARS-CoV-2 variants.,fee49de7-e1f2-4c59-afce-4da5ec064ccb,PAS-27-028,"Science Track Award for Research Transition (START) Program (R03, Clinical Trial Optional)",Clinical Trial Optional,none,"The purpose of this notice of funding opportunity (NOFO) is to facilitate the entry of investigators into multiple high-priority areas of substance use research, including comorbidity with HIV. The Science Track Award for Research Transition (START) Program aims to provide investigators with the opportunity to gather preliminary data that will assist them in securing future research grants and advancing their scientific careers.",current,,,,,,,,,,
g022,d319da9b-04c1-428d-a741-cae7f49cefaa,Katerina Akassoglou,Molecular / cellular mechanistic,discovery,"Neurovascular Interactions: Mechanisms, Imaging, Therapeutics (1R35NS143067-01 · FY2025 · R35) | Three-Dimensional Imaging of Fibrinogen and Neurovascular Alterations in Alzheimer's Disease. | Breaking barriers in postoperative delirium.",87159b6a-abee-48bb-b648-d58086d5dff5,PAR-25-225,Innovation Grants to Nurture Initial Translational Efforts (IGNITE): Neurotherapeutic Agent Characterization and In vivo Efficacy Studies (R61/R33 Clinical Trial Not Allowed),Clinical Trial Not Allowed,preclinical,"This Notice of Funding Opportunity (NOFO) provides funding to conduct pharmacodynamic, pharmacokinetic, and in vivo efficacy studies to demonstrate that proposed therapeutic agent(s) have sufficient biological activity to warrant further development to treat neurological disorders that fall under the NINDS mission. Therapeutic agents include small molecules or biologics. This NOFO is part of a suite of Innovation Grants to Nurture Initial Translational Efforts (IGNITE).",current,,,,,,,,,,
g023,d319da9b-04c1-428d-a741-cae7f49cefaa,Katerina Akassoglou,Molecular / cellular mechanistic,discovery,"Neurovascular Interactions: Mechanisms, Imaging, Therapeutics (1R35NS143067-01 · FY2025 · R35) | Three-Dimensional Imaging of Fibrinogen and Neurovascular Alterations in Alzheimer's Disease. | Breaking barriers in postoperative delirium.",45031d63-28a3-40da-8a70-ff5fb2a8ac9e,PAR-25-070,Mechanisms that Impact Cancer Risk with Use of Incretin Mimetics (R21 Clinical Trial Not Allowed),Clinical Trial Not Allowed,discovery,"Through this notice of funding opportunity (NOFO), the National Cancer Institute (NCI) invites applications for investigator-initiated studies addressing mechanisms by which incretin mimetics, specifically glucagon-like peptide (GLP)-1 or dual GLP-1/glucose-dependent insulinotropic polypeptide (GIP)-1 receptor agonists (RAs), impact cancer risk. The focus on these agents is due to their reported effects on thyroid, prostate and other cancer risks, and the generally more favorable efficacy and side effect profile compared to other classes of incretin mimetics. In addition, this NOFO seeks to…",current,,,,,,,,,,
g024,d319da9b-04c1-428d-a741-cae7f49cefaa,Katerina Akassoglou,Molecular / cellular mechanistic,discovery,"Neurovascular Interactions: Mechanisms, Imaging, Therapeutics (1R35NS143067-01 · FY2025 · R35) | Three-Dimensional Imaging of Fibrinogen and Neurovascular Alterations in Alzheimer's Disease. | Breaking barriers in postoperative delirium.",4e295dee-2f2d-4754-b2ae-8953560aae0a,PAR-25-286,Neuromodulation/Neurostimulation Device Development for Mental Health Applications (R21 Clinical Trial Not Allowed),Clinical Trial Not Allowed,cross_cutting,"The purpose of this notice of funding opportunity (NOFO) is to encourage applications seeking to develop the next generation of brain stimulation devices for treating mental health disorders. Applications are sought that will either 1) develop novel brain stimulation devices or 2) significantly enhance, by means of hardware/software improvements, the effectiveness of brain stimulation devices that are currently U.S. Food and Drug Administration (FDA)-approved or cleared. Novel devices should move beyond existing electrical/magnetic stimulation and develop new stimulation techniques capable…",current,,,,,,,,,,
g025,913f41b1-7d30-4eaa-90a9-d64cf6639d5c,Robert L Raffai,Animal-model research,preclinical,M2 macrophage exosomes reverse heart failure post-myocardial infarction by suppressing type 1 interferon signaling in myeloid cells. | M2 Macrophage Exosomes Reverse Cardiac Functional Decline in Mice with Diet-Induced Myocardial Infarction by Suppressing Type 1 Interferon Signaling in Myeloid Cells. | ShEEP Request for Vevo 3100 Preclinical Imaging System for Rodent Models of Cardiovascular Disease & Abdominal Cancer Biology (1IS1BX005550-01 · FY2022 · IS1),45031d63-28a3-40da-8a70-ff5fb2a8ac9e,PAR-25-070,Mechanisms that Impact Cancer Risk with Use of Incretin Mimetics (R21 Clinical Trial Not Allowed),Clinical Trial Not Allowed,discovery,"Through this notice of funding opportunity (NOFO), the National Cancer Institute (NCI) invites applications for investigator-initiated studies addressing mechanisms by which incretin mimetics, specifically glucagon-like peptide (GLP)-1 or dual GLP-1/glucose-dependent insulinotropic polypeptide (GIP)-1 receptor agonists (RAs), impact cancer risk. The focus on these agents is due to their reported effects on thyroid, prostate and other cancer risks, and the generally more favorable efficacy and side effect profile compared to other classes of incretin mimetics. In addition, this NOFO seeks to…",current,,,,,,,,,,
g026,04e59cf5-600a-462c-91bc-b2b97f122c3d,Kole T Roybal,Translational,translational,Synthetic Hybrid Receptors for Safer and Programmable T Cell Therapy. | Engineered receptors for soluble cellular communication and disease sensing. | Naturally occurring T cell mutations enhance engineered T cell therapies.,257a590e-b07f-49b0-8557-1a8b87214b78,PAR-24-325,Bioengineering Partnerships with Industry (U01 Clinical Trial Optional),Clinical Trial Optional,cross_cutting,"This Funding Opportunity Announcement (FOA) solicits applications from research partnerships formed by academic and industrial investigators to accelerate the development and adoption of promising bioengineering tools and technologies that can address important biomedical problems. The objectives are to establish these tools and technologies as robust, well-characterized solutions that fulfill an unmet need and are capable of enhancing our understanding of life science processes or the practice of medicine. Awards will focus on supporting multidisciplinary teams that apply an integrative,…",current,,,,,,,,,,
g027,4b4f6e23-1fd5-40ab-b298-119be02747dd,Babak Javid,Molecular / cellular mechanistic,discovery,"Ribosomal RNA methylation by GidB modulates discrimination of mischarged tRNA. | Mechanical morphotype switching as an adaptive response in mycobacteria. | UCSF Profiles narrative (prior — reliability 0.6, never counted as a source)",fee49de7-e1f2-4c59-afce-4da5ec064ccb,PAS-27-028,"Science Track Award for Research Transition (START) Program (R03, Clinical Trial Optional)",Clinical Trial Optional,none,"The purpose of this notice of funding opportunity (NOFO) is to facilitate the entry of investigators into multiple high-priority areas of substance use research, including comorbidity with HIV. The Science Track Award for Research Transition (START) Program aims to provide investigators with the opportunity to gather preliminary data that will assist them in securing future research grants and advancing their scientific careers.",current,,,,,,,,,,
g028,b4a80e13-080a-4c22-b726-7d9df21c19be,Lewis L Lanier,Translational,translational,FcɛR1γ-based activating chimeric antigen receptor enhanced natural killer cell function against HLA-E+ cells. | SYK negatively regulates ITAM-mediated human NK cell signaling and CD19-CAR NK cell efficacy. | ITAM-based receptors in natural killer cells.,fee49de7-e1f2-4c59-afce-4da5ec064ccb,PAS-27-028,"Science Track Award for Research Transition (START) Program (R03, Clinical Trial Optional)",Clinical Trial Optional,none,"The purpose of this notice of funding opportunity (NOFO) is to facilitate the entry of investigators into multiple high-priority areas of substance use research, including comorbidity with HIV. The Science Track Award for Research Transition (START) Program aims to provide investigators with the opportunity to gather preliminary data that will assist them in securing future research grants and advancing their scientific careers.",current,,,,,,,,,,
g029,c72b5d76-8aee-4989-843f-a7b88a3eb5ab,Wilson Liao,Clinical observational,clinical,Risk of Cutaneous T Cell Lymphoma with Psoriasis Biologic Therapies. | Living with Psoriasis Vulgaris and Multi-Treatment Failure: A Patient and Dermatologist Perspective. | Ethnoracial representation in hidradenitis suppurativa clinical trials.,10739bb1-5684-44d8-988b-c5f286f05dac,RFA-AI-27-004,Atopic Dermatitis Research Network (ADRN) (U19 Clinical Trial Optional),Clinical Trial Optional,none,"Atopic Dermatitis (AD) is a chronic inflammatory pruritic skin disease that affects approximately 11% of children and up to 9% of adults in the United States. AD is associated with defective skin barrier function as well as with several cutaneous immune abnormalities, including type 2 inflammation, decreased expression of antimicrobial peptides, and low numbers of plasmacytoid dendritic cells. These abnormalities, several of which have been previously identified by the Atopic Dermatitis Research Network (ADRN), appear to translate into cutaneous defense defects given that patients with AD…",current,,,,,,,,,,
g030,48379ce4-c9b5-4b3d-99af-06ee4f9ba0ac,Tiffany C Scharschmidt,Molecular / cellular mechanistic,discovery,Commensal-myeloid crosstalk in neonatal skin regulates interleukin-1 signaling and cutaneous type 17 inflammation. | Skin immunity: dissecting the complex biology of our body's outer barrier. | The best offense is a good beta-defensin.,10739bb1-5684-44d8-988b-c5f286f05dac,RFA-AI-27-004,Atopic Dermatitis Research Network (ADRN) (U19 Clinical Trial Optional),Clinical Trial Optional,none,"Atopic Dermatitis (AD) is a chronic inflammatory pruritic skin disease that affects approximately 11% of children and up to 9% of adults in the United States. AD is associated with defective skin barrier function as well as with several cutaneous immune abnormalities, including type 2 inflammation, decreased expression of antimicrobial peptides, and low numbers of plasmacytoid dendritic cells. These abnormalities, several of which have been previously identified by the Atopic Dermatitis Research Network (ADRN), appear to translate into cutaneous defense defects given that patients with AD…",current,,,,,,,,,,
g031,2ed11cbc-29c0-400a-b807-ebeea70f9c8e,Marlys S Fassett,Animal-model research,preclinical,Illuminating IL-31-producing cells in allergic skin disease (1R03AR082948-01 · FY2023 · R03) | IL-31-dependent neurogenic inflammation restrains cutaneous type 2 immune response in allergic dermatitis. | Identification of Functionally Relevant microRNAs in the Regulation of Allergic Inflammation.,10739bb1-5684-44d8-988b-c5f286f05dac,RFA-AI-27-004,Atopic Dermatitis Research Network (ADRN) (U19 Clinical Trial Optional),Clinical Trial Optional,none,"Atopic Dermatitis (AD) is a chronic inflammatory pruritic skin disease that affects approximately 11% of children and up to 9% of adults in the United States. AD is associated with defective skin barrier function as well as with several cutaneous immune abnormalities, including type 2 inflammation, decreased expression of antimicrobial peptides, and low numbers of plasmacytoid dendritic cells. These abnormalities, several of which have been previously identified by the Atopic Dermatitis Research Network (ADRN), appear to translate into cutaneous defense defects given that patients with AD…",current,,,,,,,,,,
g032,b4b23925-cb44-4cee-b9b3-10ea0fa383b6,Samuel J Pleasure,Molecular / cellular mechanistic,discovery,Aberrant FGF signaling promotes granule neuron precursor expansion in SHH subgroup infantile medulloblastoma. | The Neocortical Progenitor Specification Program Is Established through Combined Modulation of SHH and FGF Signaling. | Antigen-directed therapies for autoantibody associated neuroinflammatory diseases. (1RM1NS138808-01 · FY2025 · RM1),ed2834de-603e-4b59-870b-28cf5fb2e47e,RFA-OD-27-004,INCLUDE Project: Transformative Research Awards for Down syndrome (R01 Clinical Trial Not Allowed),Clinical Trial Not Allowed,none,"The NIH INvestigation of Co-occurring conditions across the Lifespan to Understand Down syndromE (INCLUDE) Project seeks to improve health and quality-of-life for individuals with Down syndrome. The purpose of this Notice of Funding Opportunity (NOFO) is to solicit Transformative Research Award applications to support individual scientists or groups of scientists proposing groundbreaking, exceptionally innovative, original, and/or unconventional research that has the potential to create new scientific paradigms, establish entirely new and improved clinical approaches, or develop…",current,,,,,,,,,,
g033,6b1d1dbd-539e-45f0-955c-682f4dc9fa7d,Elizabeth E Crouch,Molecular / cellular mechanistic,discovery,The molecular landscape of vascular cells in the human brain. | The promise of cerebral organoids for neonatology. | Profiling human brain vascular cells using single-cell transcriptomics and organoids.,390cdc7e-a7ac-4019-a9e1-37eee7b23f09,PAR-27-051,NIH Brain Development Cohorts (NBDC) and Population Assessment of Tobacco and Health (PATH) Study Biospecimen Access (X01 Clinical Trial Not Allowed),Clinical Trial Not Allowed,none,"The National Institutes of Health seek to advance their mission by providing the scientific community with the opportunity to request access to biospecimens from the Adolescent Brain Cognitive DevelopmentSM (ABCD) Study, the HEALthy Brain and Child Development (HBCD) Study, and the Population Assessment of Tobacco and Health (PATH) Study to conduct research consistent with the respective study objectives that will maximize the scientific utility of these limited samples. Applications should expand the knowledge gained from these studies and advance our understanding of the multiple genetic…",current,,,,,,,,,,
g034,b4b23925-cb44-4cee-b9b3-10ea0fa383b6,Samuel J Pleasure,Molecular / cellular mechanistic,discovery,Aberrant FGF signaling promotes granule neuron precursor expansion in SHH subgroup infantile medulloblastoma. | The Neocortical Progenitor Specification Program Is Established through Combined Modulation of SHH and FGF Signaling. | Antigen-directed therapies for autoantibody associated neuroinflammatory diseases. (1RM1NS138808-01 · FY2025 · RM1),d466aefd-be25-4f4b-bca1-4f73b531e223,PAR-25-362,Early Immune System Development and Ontogeny (R01 Clinical Trial Optional),Clinical Trial Optional,discovery,"The purpose of this Notice of Funding Opportunity (NOFO) is to further elucidate the mechanisms of early immune development in utero, during the early post-natal period and during early childhood in neonates, infants, and children and adolescents with or without in-utero exposure to HIV or Anti-Retroviral Therapeutics (ART). This initiative aims to understand intricate mechanisms of immune cells at the maternal-fetal interface, T and B cell development and maturation in offspring, and local immune responses and the role of systemic immunity.",current,,,,,,,,,,
g035,604d2746-e207-465a-a651-b3f8520b590f,Karin Pelka,Molecular / cellular mechanistic,discovery,Neighborhood nonnegative matrix factorization identifies patterns and spatially-variable genes in large-scale spatial transcriptomics data. | A spatial profiling-based immune hub perturbation platform to improve immunotherapy in colon cancer (1R37CA295736-01A1 · FY2025 · R37) | Dual checkpoint T(h1)eamwork makes the anti-cancer dream work.,635c377d-a737-42bf-8938-482c9bef44d6,PAR-25-075,Assay Validation of High Quality Markers for Clinical Studies in Cancer (UH3 Clinical Trials Not Allowed),Clinical Trial Not Allowed,discovery,"Through this Notice of Funding Opportunity (NOFO), the National Cancer Institute (NCI) intends to accelerate the adoption and validation of molecular/cellular/imaging markers (referred to as ""markers"" or ""biomarkers"") and assays for cancer detection, diagnosis, prognosis, monitoring, and prediction of response or resistance to treatment, as well as markers for cancer prevention and control. This NOFO will also support the validation of pharmacodynamic markers and markers of toxicity. Applicants to this NOFO must have an assay(s) whose performance has been analytically validated in specimens…",current,,,,,,,,,,
g036,be7ade9b-cda3-4266-b6c4-dfbcdb778110,Tippi C MacKenzie,Molecular / cellular mechanistic,discovery,In utero lipid nanoparticle delivery achieves robust editing in hematopoietic stem cells. | Prenatal AAV9-GFP administration in fetal lambs results in transduction of female germ cells and maternal exposure to virus. | Single nuclei and spatial profiling of sacrococcygeal teratomas reveals cellular composition and X inactivation heterogeneity.,7738100f-41f8-4f8e-9f26-07b2055653bf,PAR-27-071,Discovery of the Genetic Basis of Childhood Cancers and of Congenital Anomalies: Gabriella Miller Kids First Pediatric Research Program (X01 Clinical Trial Not Allowed),Clinical Trial Not Allowed,population,"As part of the Gabriella Miller Kids First Pediatric Research Program (Kids First Program), the NIH invites applications to submit samples from pediatric cohorts for whole genome sequencing at a Kids First Program supported genomic data generating centers. Applicants are encouraged to propose sequencing of existing pediatric cancer or congenital anomaly cohorts to elucidate the genetic contribution (somatic and/or germline) to childhood cancers, to investigate the genetic etiology of congenital anomalies, to study the molecular basis of the associations between congenital anomalies and…",current,,,,,,,,,,
g037,8850ac87-c422-4022-905c-885b330f2eb4,Julia Carnevale,Molecular / cellular mechanistic,discovery,In vivo genome-wide CRISPR screens in human T cells to enhance T cell therapy for solid tumors. | Virus-like particles enable targeted gene engineering and pooled CRISPR screening in primary human myeloid cells. | Understanding TCR T cell knockout behavior using interpretable machine learning.,5fda7616-99f5-40d4-abab-d5db4df5326b,PAR-25-037,Cellular and Molecular Biology of Complex Brain Disorders (R21 Clinical Trial Not Allowed),Clinical Trial Not Allowed,discovery,"This Notice of Funding Opportunity (NOFO) encourages research on the biology of high confidence risk factors associated with complex brain disorders, with a focus on the intracellular, transcellular and circuit substrates of neural function. For the purposes of this NOFO , the term ""complex"" can refer to a multifactorial contribution to risk (e.g., polygenic and/or environmental) and/or highly distributed functional features of the brain disorder. Studies may be either hypothesis-generating (unbiased discovery) or hypothesis-testing in design and may utilize in vivo, in situ, or in vitro…",current,,,,,,,,,,
g038,3064c65a-dbe8-41be-8d71-27adf5efda73,Peng He,Translational,translational,A human embryonic limb cell atlas resolved in space and time. | A human fetal lung cell atlas uncovers proximal-distal gradients of differentiation and key regulators of epithelial fates. | A novel human fetal lung-derived alveolar organoid model reveals mechanisms of surfactant protein C maturation relevant to interstitial lung disease.,8377a065-fed6-42a9-91a3-b8b66c3c45bf,PAR-25-038,Cellular and Molecular Biology of Complex Brain Disorders (R01 Clinical Trial Not Allowed),Clinical Trial Not Allowed,discovery,"This Notice of Funding Opportunity (NOFO) encourages research on the biology of high-confidence risk factors associated with complex brain disorders, with a focus on the intracellular, transcellular, and circuit substrates of neural function. For the purposes of this NOFO, the term ""complex"" can refer to a multifactorial contribution to risk (e.g., polygenic and/or environmental) and/or highly distributed functional features of the brain disorder. Studies may be either hypothesis-generating (unbiased discovery) or hypothesis-testing in design and may utilize in vivo, in situ or in vitro…",current,,,,,,,,,,
g039,3064c65a-dbe8-41be-8d71-27adf5efda73,Peng He,Translational,translational,A human embryonic limb cell atlas resolved in space and time. | A human fetal lung cell atlas uncovers proximal-distal gradients of differentiation and key regulators of epithelial fates. | A novel human fetal lung-derived alveolar organoid model reveals mechanisms of surfactant protein C maturation relevant to interstitial lung disease.,b0b3ac68-cd23-48b8-b7a5-69c5a024777f,RFA-MH-26-140,BRAIN Initiative: Brain Behavior Quantification and Synchronization- Next Generation Sensor Technology Development (U01 Clinical Trial Optional),Clinical Trial Optional,cross_cutting,"This Notice of Funding Opportunity (NOFO) from the NIH Brain Research through Advancing Innovative Neurotechnologies® (BRAIN) Initiative is intended to support the development of next generation sensor technologies and bioelectronic devices to further the goals of the Brain Behavior Quantification and Synchronization (BBQS) program of the NIH BRAIN Initiative. The BRAIN Initiative BBQS funding opportunities broadly support 1) development of tools for simultaneous, multimodal measurement of behavior within complex, dynamic physical and/or social environments and synchronize these data with…",current,,,,,,,,,,
g040,783a319d-a2ee-42cd-ade4-4c495451953f,Nadia R Roan,Translational,translational,HIV-seq reveals gene expression differences between HIV-transcribing cells from viremic and suppressed people with HIV. | Multiomic analysis of ART-interruption cohorts identifies cell-extrinsic and -intrinsic mechanisms driving lymphocyte-mediated control of HIV rebound. | Persistent cytolytic CD8+ T cells recognize SARS-CoV-2 and herpesvirus epitopes in long COVID.,d466aefd-be25-4f4b-bca1-4f73b531e223,PAR-25-362,Early Immune System Development and Ontogeny (R01 Clinical Trial Optional),Clinical Trial Optional,discovery,"The purpose of this Notice of Funding Opportunity (NOFO) is to further elucidate the mechanisms of early immune development in utero, during the early post-natal period and during early childhood in neonates, infants, and children and adolescents with or without in-utero exposure to HIV or Anti-Retroviral Therapeutics (ART). This initiative aims to understand intricate mechanisms of immune cells at the maternal-fetal interface, T and B cell development and maturation in offspring, and local immune responses and the role of systemic immunity.",current,,,,,,,,,,
g041,7b0ad33f-6b7e-4eb7-920e-27bdfcc23310,Roberto R Ricardo-Gonzalez,Animal-model research,preclinical,Tissue-specific pathways extrude activated ILC2s to disseminate type 2 immunity. | RORγt eTACs mediate oral tolerance and Treg induction. | IL-25-induced memory type 2 innate lymphoid cells enforce mucosal immunity.,d466aefd-be25-4f4b-bca1-4f73b531e223,PAR-25-362,Early Immune System Development and Ontogeny (R01 Clinical Trial Optional),Clinical Trial Optional,discovery,"The purpose of this Notice of Funding Opportunity (NOFO) is to further elucidate the mechanisms of early immune development in utero, during the early post-natal period and during early childhood in neonates, infants, and children and adolescents with or without in-utero exposure to HIV or Anti-Retroviral Therapeutics (ART). This initiative aims to understand intricate mechanisms of immune cells at the maternal-fetal interface, T and B cell development and maturation in offspring, and local immune responses and the role of systemic immunity.",current,,,,,,,,,,
g042,8850ac87-c422-4022-905c-885b330f2eb4,Julia Carnevale,Molecular / cellular mechanistic,discovery,In vivo genome-wide CRISPR screens in human T cells to enhance T cell therapy for solid tumors. | Virus-like particles enable targeted gene engineering and pooled CRISPR screening in primary human myeloid cells. | Understanding TCR T cell knockout behavior using interpretable machine learning.,bd0e6c98-7c69-484e-89af-9c9e0b90f442,RFA-HL-26-017,"Catalyze: Product Definition for Small Molecules, Biologics and Combination Products - Target Identification and Validation, and Preliminary Product/Lead Series Identification (R61/R33  Clinical Trials Not Allowed)",Clinical Trial Not Allowed,none,"This Notice of Funding Opportunity (NOFO) will provide the early stage translational support needed to identify and characterize potential therapeutic candidates (compound and lead series) to treat heart, lung, blood, and sleep (HLBS) diseases and disorders. This NOFO is part of a suite of Catalyze innovation grants to advance projects to the point where they can meet the entry criteria for the NHLBI Catalyze Preclinical program or attract independent development support from other federal or private partners for preclinical optimization and development of therapeutic candidates.",current,,,,,,,,,,
g043,1beac144-b544-45f2-ada4-25b7d87e3f07,Rushika M Perera,Molecular / cellular mechanistic,discovery,A multi-subunit autophagic capture complex facilitates degradation of ER-stalled MHC class I in pancreatic cancer. | A multi-subunit autophagic capture complex facilitates degradation of ER stalled MHC-I in pancreatic cancer. | PCSK9 drives sterol-dependent metastatic organ choice in pancreatic cancer.,e6d15fed-92e7-425c-816e-564bdaadcabe,PAR-25-068,"Pilot Studies of Biological, Behavioral and Social Mechanisms Contributing to HIV Pathogenesis Within the Mission of NIDDK (R21 Clinical Trial Not Allowed)",Clinical Trial Not Allowed,discovery,"This Notice of Funding Opportunity (NOFO) invites applications for innovative basic and translational pilot research projects within the mission of NIDDK that are aligned with NIH HIV/AIDS research priorities. These priorities were most recently outlined by the NIH Office of AIDS Research (OAR) in NOT-OD-20-018, UPDATE: NIH HIV/AIDS Research Priorities and Guidelines for Determining HIV/AIDS Funding. Potential topics could address multiple overarching priorities. These include elucidation of unique pathophysiological mechanisms contributing to HIV comorbidities, coinfections, and…",current,,,,,,,,,,
g044,49ff2ed1-4dde-49ef-8880-7f7ac50fe0ed,Simone A Minnie,Animal-model research,preclinical,"UCSF Profiles narrative (prior — reliability 0.6, never counted as a source) | TIGIT inhibition and lenalidomide synergistically promote antimyeloma immune responses after stem cell transplantation in mice. | Depletion of exhausted alloreactive T cells enables targeting of stem-like memory T cells to generate tumor-specific immunity.",840a60f5-2c2f-45bf-8335-ce7e7dda2f3f,RFA-CA-27-005,Glioblastoma Therapeutics Network (GTN) (U19 Clinical Trial Required),Clinical Trial Required,translational,"The overall goal of this Notice of Funding Opportunity (NOFO) is to improve the treatment of adult Glioblastoma Multiforme (GBM) by developing novel effective agents that can cross the blood brain barrier (BBB) and testing them in the clinic. To implement this initiative, multi-institutional teams are invited to participate in the Glioblastoma Therapeutics Network (GTN). Each GTN team is expected to drive therapeutic agent(s) from late pre-clinical development, through IND studies, into pilot clinical studies in humans. Successful early-stage trials of these new drugs would transition…",current,,,,,,,,,,
g045,604d2746-e207-465a-a651-b3f8520b590f,Karin Pelka,Molecular / cellular mechanistic,discovery,Neighborhood nonnegative matrix factorization identifies patterns and spatially-variable genes in large-scale spatial transcriptomics data. | A spatial profiling-based immune hub perturbation platform to improve immunotherapy in colon cancer (1R37CA295736-01A1 · FY2025 · R37) | Dual checkpoint T(h1)eamwork makes the anti-cancer dream work.,c74dcf1d-0e28-4f44-a171-9cabc3467fd1,PAR-25-095,Secondary Analysis and Integration of Existing Data to Elucidate Cancer Risk and Related Outcomes (R01 Clinical Trial Not Allowed),Clinical Trial Not Allowed,population,"Through this Notice of Funding Opportunity (NOFO), the National Cancer Institute (NCI) along with other participating Institutes encourages submission of applications proposing to conduct secondary data analysis and integration of existing datasets and database resources, with the ultimate aim to elucidate cancer risk and related outcomes (e.g., risk prediction or reduction, survival, or response to treatment, etc.). The goal of this initiative is to address key scientific questions relevant to cancer by supporting the analysis of existing clinical, environmental, surveillance, health…",current,,,,,,,,,,
g046,8850ac87-c422-4022-905c-885b330f2eb4,Julia Carnevale,Molecular / cellular mechanistic,discovery,In vivo genome-wide CRISPR screens in human T cells to enhance T cell therapy for solid tumors. | Virus-like particles enable targeted gene engineering and pooled CRISPR screening in primary human myeloid cells. | Understanding TCR T cell knockout behavior using interpretable machine learning.,7738100f-41f8-4f8e-9f26-07b2055653bf,PAR-27-071,Discovery of the Genetic Basis of Childhood Cancers and of Congenital Anomalies: Gabriella Miller Kids First Pediatric Research Program (X01 Clinical Trial Not Allowed),Clinical Trial Not Allowed,population,"As part of the Gabriella Miller Kids First Pediatric Research Program (Kids First Program), the NIH invites applications to submit samples from pediatric cohorts for whole genome sequencing at a Kids First Program supported genomic data generating centers. Applicants are encouraged to propose sequencing of existing pediatric cancer or congenital anomaly cohorts to elucidate the genetic contribution (somatic and/or germline) to childhood cancers, to investigate the genetic etiology of congenital anomalies, to study the molecular basis of the associations between congenital anomalies and…",current,,,,,,,,,,
g047,b4b23925-cb44-4cee-b9b3-10ea0fa383b6,Samuel J Pleasure,Molecular / cellular mechanistic,discovery,Aberrant FGF signaling promotes granule neuron precursor expansion in SHH subgroup infantile medulloblastoma. | The Neocortical Progenitor Specification Program Is Established through Combined Modulation of SHH and FGF Signaling. | Antigen-directed therapies for autoantibody associated neuroinflammatory diseases. (1RM1NS138808-01 · FY2025 · RM1),f161912f-38e6-4709-aecd-37f710a6a4cf,RFA-NS-24-031,BRAIN Initiative: Preclinical Proof of Concept for Novel Recording and Modulation Technologies in the Human CNS (R18 - Clinical Trial Not Allowed),Clinical Trial Not Allowed,health_systems,"Awarded activities will facilitate the translation of novel recording and modulation technologies that can be used to treat and/or diagnose central nervous system (CNS) diseases and disorders and to better understand the human CNS, from proof of concept up to the stage of readiness for first in human (FIH) studies. Technologies may incorporate any signal modality (e.g., electrical, optical, magnetic, acoustic) or a combination thereof Team-based applications that integrate appropriate domains of expertise are encouraged.",current,,,,,,,,,,
g048,604d2746-e207-465a-a651-b3f8520b590f,Karin Pelka,Molecular / cellular mechanistic,discovery,Neighborhood nonnegative matrix factorization identifies patterns and spatially-variable genes in large-scale spatial transcriptomics data. | A spatial profiling-based immune hub perturbation platform to improve immunotherapy in colon cancer (1R37CA295736-01A1 · FY2025 · R37) | Dual checkpoint T(h1)eamwork makes the anti-cancer dream work.,8e52922e-c115-49dd-b22d-6c05097d38d8,PAR-25-175,Integration of Imaging and Fluid-Based Tumor Monitoring in Cancer Therapy (R01 Clinical Trial Optional),Clinical Trial Optional,none,"Through this Notice of Funding Opportunity (NOFO), the National Cancer Institute (NCI) invites R01 grant applications describing projects that integrate imaging and fluid-based tumor monitoring (liquid biopsy) assays during cancer therapy in patients to determine the optimal use of these modalities in the characterization of therapy response and/or emergence of treatment resistance.",current,,,,,,,,,,
g049,5e7587f9-1611-43f3-aa09-c229766c7802,Roarke A Kamber,Molecular / cellular mechanistic,discovery,The peroxisomal exportomer directly inhibits phosphoactivation of the pexophagy receptor Atg36 to suppress pexophagy in yeast. | Inter-cellular CRISPR screens reveal regulators of cancer cell phagocytosis. | Systematic Discovery and Characterization of Novel Cancer Anti-Phagocytic Mechanisms (1K99CA259218-01A1 · FY2022 · K99),bd0e6c98-7c69-484e-89af-9c9e0b90f442,RFA-HL-26-017,"Catalyze: Product Definition for Small Molecules, Biologics and Combination Products - Target Identification and Validation, and Preliminary Product/Lead Series Identification (R61/R33  Clinical Trials Not Allowed)",Clinical Trial Not Allowed,none,"This Notice of Funding Opportunity (NOFO) will provide the early stage translational support needed to identify and characterize potential therapeutic candidates (compound and lead series) to treat heart, lung, blood, and sleep (HLBS) diseases and disorders. This NOFO is part of a suite of Catalyze innovation grants to advance projects to the point where they can meet the entry criteria for the NHLBI Catalyze Preclinical program or attract independent development support from other federal or private partners for preclinical optimization and development of therapeutic candidates.",current,,,,,,,,,,
g050,ccf4941f-dd11-4848-a1d9-8ac09f0ebe30,Michele M Tana,Clinical observational,clinical,"Utility and impact of magnetic resonance elastography in the clinical course and management of chronic liver disease. | UCSF Profiles narrative (prior — reliability 0.6, never counted as a source) | Clinical Outcomes Following a Patient-Centered Educational Intervention on Steatotic Liver Disease: A Comparison of Patients With and Without Diabetes.",803a9b60-5c51-46a4-915c-32af964dc9b7,PAR-25-447,"NHLBI TOPMed: Omics Phenotypes of Heart, Lung, and Blood Disorders (X01 - Clinical Trial Not Allowed)",Clinical Trial Not Allowed,discovery,"This Notice of Funding Opportunity (NOFO) invites applications to use NHLBI-funded TransOmics for Precision Medicine (TOPMed) program to access TOPMed capacity to generate a large volume of integrated genetic and multi-omics data to facilitate discovery of the molecular mechanisms of Heart, Lung, Blood, and Sleep (HLBS) disorders. No funding will be provided under this NOFO. The genomic data and related phenotypic data will be deposited in a public NIH-designated controlled-access database such as the database for Genotypes and Phenotypes (dbGaP) and NHLBI's BioData Catalyst (BDC). The…",current,,,,,,,,,,
g051,8850ac87-c422-4022-905c-885b330f2eb4,Julia Carnevale,Molecular / cellular mechanistic,discovery,In vivo genome-wide CRISPR screens in human T cells to enhance T cell therapy for solid tumors. | Virus-like particles enable targeted gene engineering and pooled CRISPR screening in primary human myeloid cells. | Understanding TCR T cell knockout behavior using interpretable machine learning.,61234cd8-5258-44d5-be38-222ebf62d029,PAR-24-306,Research Projects to Enhance Applicability of Mammalian Models for Translational Research (R01 Clinical Trial Not Allowed),Clinical Trial Not Allowed,translational,"Through this Notice of Funding Opportunity (NOFO), the National Cancer Institute (NCI) invites applications for projects to expand, improve, or transform the utility of mammalian cancer and tumor models for translational research. The NCI, through this NOFO, encourages submission of projects devoted to demonstrating that mammalian models, including organoids, tumoroids and cell models, used for translational research are robust representations of human biology, are appropriate to test questions of clinical importance, and provide reliable information for patient benefit. These practical…",current,,,,,,,,,,
g052,8850ac87-c422-4022-905c-885b330f2eb4,Julia Carnevale,Molecular / cellular mechanistic,discovery,In vivo genome-wide CRISPR screens in human T cells to enhance T cell therapy for solid tumors. | Virus-like particles enable targeted gene engineering and pooled CRISPR screening in primary human myeloid cells. | Understanding TCR T cell knockout behavior using interpretable machine learning.,ac421de0-5e48-4af6-aac4-9ed32d09e227,PAR-25-096,Secondary Analysis and Integration of Existing Data to Elucidate Cancer Risk and Related Outcomes (R21 Clinical Trials Not Allowed),Clinical Trial Not Allowed,population,"Through this Notice of Funding Opportunity (NOFO), the National Cancer Institute (NCI) along with other participating Institutes encourages submission of applications proposing to conduct secondary data analysis and integration of existing datasets and database resources, with the ultimate aim to elucidate cancer risk and related outcomes (e.g., risk prediction or reduction, survival, or response to treatment, etc.). The goal of this initiative is to address key scientific questions relevant to cancer by supporting the analysis of existing clinical, environmental, surveillance, health…",current,,,,,,,,,,
g053,04e59cf5-600a-462c-91bc-b2b97f122c3d,Kole T Roybal,Translational,translational,Synthetic Hybrid Receptors for Safer and Programmable T Cell Therapy. | Engineered receptors for soluble cellular communication and disease sensing. | Naturally occurring T cell mutations enhance engineered T cell therapies.,4d57871c-82fa-46f5-869d-21a12e36ecaf,PAR-25-336,Toward Translation of Nanotechnology Cancer Interventions (TTNCI; R01 Clinical Trial Not Allowed),Clinical Trial Not Allowed,translational,"This Notice of Funding Opportunity (NOFO), entitled ""Toward Translation of Cancer Nanotechnology Interventions (TTNCI)"" is designed to enable the translation of nanotechnology-based cancer interventions relying on nanoparticle formulations and/or nano-devices. Through the TTNCI initiative, the National Cancer Institute (NCI) encourages applications for advanced pre-clinical research, supporting translation of nanotechnology-based cancer diagnostics and therapeutics. TTNCI awards are expected to mature experimental nanomedicines designed for highly relevant cancer clinical objectives with a…",current,,,,,,,,,,
g054,4f36bdbb-307d-4362-9712-e2466a04a2d0,Justin Eyquem,Molecular / cellular mechanistic,discovery,Integrated epigenetic and genetic programming of primary human T cells. | Site-specific genome engineering of primary human natural killer cells for programmable anti-tumor function. | In vivo site-specific engineering to reprogram T cells.,bd0e6c98-7c69-484e-89af-9c9e0b90f442,RFA-HL-26-017,"Catalyze: Product Definition for Small Molecules, Biologics and Combination Products - Target Identification and Validation, and Preliminary Product/Lead Series Identification (R61/R33  Clinical Trials Not Allowed)",Clinical Trial Not Allowed,none,"This Notice of Funding Opportunity (NOFO) will provide the early stage translational support needed to identify and characterize potential therapeutic candidates (compound and lead series) to treat heart, lung, blood, and sleep (HLBS) diseases and disorders. This NOFO is part of a suite of Catalyze innovation grants to advance projects to the point where they can meet the entry criteria for the NHLBI Catalyze Preclinical program or attract independent development support from other federal or private partners for preclinical optimization and development of therapeutic candidates.",current,,,,,,,,,,
g055,2dea1755-93f0-44d8-b1e4-949236d5db9c,Peter W Hunt,Translational,translational,"UCSF Profiles narrative (prior — reliability 0.6, never counted as a source) | Editorial: Immunological non-responders in HIV infection. | Estimating the contribution of CD4 T cell subset proliferation and differentiation to HIV persistence.",ace2373e-7947-49d3-841d-6906a2db4b05,RFA-DA-25-060,High Priority HIV and Substance Use Research (RM1 Clinical Trial Optional),Clinical Trial Optional,discovery,"The purpose of this notice of funding opportunity (NOFO) is to support high priority research at the intersection of HIV and substance use. This NOFO invites research projects with the potential to open new areas of basic and clinical HIV/AIDS research and/or lead to new avenues for prevention, treatment and cure of HIV among people who use addictive substances. This initiative is open only to research teams of three to six PD/PIs proposing to pursue challenging research questions at the intersection of HIV and substance use. Teams are encouraged to consider far-reaching objectives that will…",current,,,,,,,,,,
g056,d121be48-795c-4513-97ca-a277e62628ab,Jeffrey A Bluestone,Translational,translational,"Second generation CD2-targeting LFA-3 fusion protein SBT115301 to restore immune homeostasis in autoimmune disease. | Type 1 Diabetes: Advances in Understanding and Treatment 100 Years after the Discovery of Insulin. | Pharmacology and nonclinical development of teplizumab, a first-in-class immunotherapy for delaying the onset of type 1 diabetes.",ca5ae9ed-6b20-41b0-8862-9fd44d06f14a,RFA-DK-27-108,"Continuation of the Cardiovascular Repository for-Type 1 Diabetes (CARE-T1D) Consortium U01 (Open Competition)- Research (U01, Clinical Trial Not Allowed)",Clinical Trial Not Allowed,discovery,"The NIH Cardiovascular Repository for Type 1 Diabetes (CaRe-T1D) was created to improve research on type 1 diabetes (T1D) and cardiovascular disease (CVD). Cardiovascular complications remain the top cause of death among people with T1D and greatly shorten lifespan. The mechanisms underlying atherosclerosis, cardiomyopathy, endothelial dysfunction, and cardiac autonomic neuropathy in T1D remain poorly understood. While managing traditional risk factors–such as high blood glucose, high blood pressure, and elevated cholesterol lower cardiovascular risk, a significant residual risk remains even…",current,,,,,,,,,,
g057,b0e0f4b4-3198-4fd3-93e9-d750ab3a27bc,John V Pluvinage,Molecular / cellular mechanistic,discovery,Structure-guided design of a targeted autoantibody degrader for neurologic disease. | Transcobalamin receptor antibodies in autoimmune vitamin B12 central deficiency. | Autoimmune Mechanisms of Metabolic Dysfunction in the Central Nervous System (1K08NS142575-01 · FY2025 · K08),8377a065-fed6-42a9-91a3-b8b66c3c45bf,PAR-25-038,Cellular and Molecular Biology of Complex Brain Disorders (R01 Clinical Trial Not Allowed),Clinical Trial Not Allowed,discovery,"This Notice of Funding Opportunity (NOFO) encourages research on the biology of high-confidence risk factors associated with complex brain disorders, with a focus on the intracellular, transcellular, and circuit substrates of neural function. For the purposes of this NOFO, the term ""complex"" can refer to a multifactorial contribution to risk (e.g., polygenic and/or environmental) and/or highly distributed functional features of the brain disorder. Studies may be either hypothesis-generating (unbiased discovery) or hypothesis-testing in design and may utilize in vivo, in situ or in vitro…",current,,,,,,,,,,
g058,6b1d1dbd-539e-45f0-955c-682f4dc9fa7d,Elizabeth E Crouch,Molecular / cellular mechanistic,discovery,The molecular landscape of vascular cells in the human brain. | The promise of cerebral organoids for neonatology. | Profiling human brain vascular cells using single-cell transcriptomics and organoids.,e8bd7afe-9bbc-4403-8947-012fcfa77388,RFA-NS-27-002,BRAIN Initiative: Integrative Team-Research BRAIN Circuits Program - iBCP (RM1 Clinical Trial Not Allowed),Clinical Trial Not Allowed,discovery,"This Notice of Funding Opportunity (NOFO) supports transdisciplinary research teams seeking to develop mechanistic, biologically grounded explanations of how neural circuits and their cellular building blocks give rise to central nervous system (CNS) function. Teams must integrate expertise spanning molecular and cellular through systems neuroscience, with strong collaboration between experimental and computational investigators, to bridge cells, circuits, and behavior in a unified framework that yields mechanistic insight. Applications must explicitly connect three core elements: (1)…",current,,,,,,,,,,
g059,2ed11cbc-29c0-400a-b807-ebeea70f9c8e,Marlys S Fassett,Animal-model research,preclinical,Illuminating IL-31-producing cells in allergic skin disease (1R03AR082948-01 · FY2023 · R03) | IL-31-dependent neurogenic inflammation restrains cutaneous type 2 immune response in allergic dermatitis. | Identification of Functionally Relevant microRNAs in the Regulation of Allergic Inflammation.,754fffd2-19e4-4a53-b9a2-befb11cee2fd,PAR-27-075,CCRP Initiative: Promoting a Basic Understanding of Chemical Threats to Skin (R01 Clinical Trial Not Allowed),Clinical Trial Not Allowed,discovery,"The purpose of this Notice of Funding Opportunity (NOFO) is to solicit basic research applications to investigate the pathological mechanisms of skin injuries caused by toxic Chemicals of Concern (CoC) identified as public health threats by the United States Government. This NOFO supports the goal of the trans-NIH Chemical Countermeasures Research Program (CCRP) and is intended to spur the discovery and early development of broad-spectrum medical countermeasures (MCMs) to advance the nation's medical and public health preparedness for, response to, and recovery from high consequence chemical…",current,,,,,,,,,,
g060,e77bca98-2a7d-4a3b-b863-bf908b6cb668,Jeannette L Tenthorey,Molecular / cellular mechanistic,discovery,"Indels allow antiviral proteins to evolve functional novelty inaccessible by missense mutations. | Defining HIV evolution at the innate immune interface (1DP2AI184621-01 · FY2024 · DP2) | UCSF Profiles narrative (prior — reliability 0.6, never counted as a source)",e6d15fed-92e7-425c-816e-564bdaadcabe,PAR-25-068,"Pilot Studies of Biological, Behavioral and Social Mechanisms Contributing to HIV Pathogenesis Within the Mission of NIDDK (R21 Clinical Trial Not Allowed)",Clinical Trial Not Allowed,discovery,"This Notice of Funding Opportunity (NOFO) invites applications for innovative basic and translational pilot research projects within the mission of NIDDK that are aligned with NIH HIV/AIDS research priorities. These priorities were most recently outlined by the NIH Office of AIDS Research (OAR) in NOT-OD-20-018, UPDATE: NIH HIV/AIDS Research Priorities and Guidelines for Determining HIV/AIDS Funding. Potential topics could address multiple overarching priorities. These include elucidation of unique pathophysiological mechanisms contributing to HIV comorbidities, coinfections, and…",current,,,,,,,,,,
g061,5e7587f9-1611-43f3-aa09-c229766c7802,Roarke A Kamber,Molecular / cellular mechanistic,discovery,The peroxisomal exportomer directly inhibits phosphoactivation of the pexophagy receptor Atg36 to suppress pexophagy in yeast. | Inter-cellular CRISPR screens reveal regulators of cancer cell phagocytosis. | Systematic Discovery and Characterization of Novel Cancer Anti-Phagocytic Mechanisms (1K99CA259218-01A1 · FY2022 · K99),38d8ea13-e780-4d8e-beee-9e3dc4d9c2b3,PAR-24-311,Molecular Imaging of Inflammation in Cancer (R01 Clinical Trial Not Allowed),Clinical Trial Not Allowed,translational,"Through this Notice of Funding Opportunity (NOFO), the National Cancer Institute (NCI) invites research grant applications (R01) for the development and application of current and emerging molecular imaging methods to gain fundamental insights into cancer inflammation in vivo. The motivation for this initiative is the recognition that much of the current imaging research on inflammation in cancer relies heavily on in vitro and ex vivo methods. These approaches have limited potential to provide significant insights into the dynamic interactions between cancer and inflammation. Utilizing…",current,,,,,,,,,,
g062,116cdac4-0f58-41ee-b753-b779b9b2784f,Satish K Pillai,Molecular / cellular mechanistic,discovery,microRNA-422a promotes HIV replication and innate immune evasion by targeting MECP2. | Modulation of Galectin-9 to Target HIV Persistence (1R01AI184421-01A1 · FY2024 · R01) | High-resolution Inference of Multiplexed Anti-HIV Gene Editing using Single-Cell Targeted DNA Sequencing.,e6d15fed-92e7-425c-816e-564bdaadcabe,PAR-25-068,"Pilot Studies of Biological, Behavioral and Social Mechanisms Contributing to HIV Pathogenesis Within the Mission of NIDDK (R21 Clinical Trial Not Allowed)",Clinical Trial Not Allowed,discovery,"This Notice of Funding Opportunity (NOFO) invites applications for innovative basic and translational pilot research projects within the mission of NIDDK that are aligned with NIH HIV/AIDS research priorities. These priorities were most recently outlined by the NIH Office of AIDS Research (OAR) in NOT-OD-20-018, UPDATE: NIH HIV/AIDS Research Priorities and Guidelines for Determining HIV/AIDS Funding. Potential topics could address multiple overarching priorities. These include elucidation of unique pathophysiological mechanisms contributing to HIV comorbidities, coinfections, and…",current,,,,,,,,,,
g063,b0e0f4b4-3198-4fd3-93e9-d750ab3a27bc,John V Pluvinage,Molecular / cellular mechanistic,discovery,Structure-guided design of a targeted autoantibody degrader for neurologic disease. | Transcobalamin receptor antibodies in autoimmune vitamin B12 central deficiency. | Autoimmune Mechanisms of Metabolic Dysfunction in the Central Nervous System (1K08NS142575-01 · FY2025 · K08),8a31dd3a-b332-49c9-8f08-5fe138c3d1a9,PAR-25-064,Novel Mechanism Research on Neuropsychiatric Symptoms (NPS) in Alzheimer's Dementia (R21 Clinical Trial Optional),Clinical Trial Optional,discovery,The goal of this Notice of Funding Opportunity (NOFO) is to encourage applications for studies that will enhance knowledge of mechanisms associated with neuropsychiatric symptoms (NPS) in persons with Alzheimer's disease (AD) or Alzheimer's disease-related dementias (ADRD). The findings are expected to advance mechanistic understanding of both biobehavioral and neurobiological pathways leading to NPS. Findings may also provide insight into novel therapeutic targets that can be advanced into interventions to treat and prevent the development of NPS in AD and/or ADRD. This NOFO uses the R21…,current,,,,,,,,,,
g064,b4b23925-cb44-4cee-b9b3-10ea0fa383b6,Samuel J Pleasure,Molecular / cellular mechanistic,discovery,Aberrant FGF signaling promotes granule neuron precursor expansion in SHH subgroup infantile medulloblastoma. | The Neocortical Progenitor Specification Program Is Established through Combined Modulation of SHH and FGF Signaling. | Antigen-directed therapies for autoantibody associated neuroinflammatory diseases. (1RM1NS138808-01 · FY2025 · RM1),e2b051ae-9fad-40a9-85db-37e1e46c2ebb,PAR-25-184,Early Stage Testing of Pharmacologic or Neuromodulatory Device-based Interventions for the Treatment of Mental Disorders (R61/R33 Clinical Trial Required),Clinical Trial Required,translational,"NIMH solicits clinical trial applications through a series of notice of funding opportunities (NOFOs) that cover the intervention development pipeline, from first-in-human, early testing of new interventions, confirmatory efficacy trials, through to effectiveness trials. The purpose of this NOFO is to support the early stage testing of pharmacologic interventions with novel mechanisms of action or neuromodulatory device-based interventions for the treatment of symptoms or domains of altered functions in individuals with mental illness (e.g., schizophrenia, depression, autism, obsessive…",current,,,,,,,,,,
g065,46b632a0-c38c-4918-9b1a-c2dc1f7bc271,Bridget P Keenan,Translational,translational,Oral Toxicities of PSMA-Targeted Therapies: Mitigation Strategies and Translational Opportunities. | Combination LIGHT overexpression and checkpoint blockade disrupts the tumor immune environment impacting colorectal liver metastases. | Intratumoral heterogeneity and immunotherapy resistance: clinical implications.,81495a50-ca08-4953-862c-9bf375066434,RFA-CA-27-002,Advanced Development and Validation of Emerging Technologies for Basic and Clinical Cancer Research (R33 Clinical Trial Not Allowed),Clinical Trial Not Allowed,discovery,"Through this Notice of Funding Opportunity (NOFO), the National Cancer Institute (NCI) invites grant applications proposing exploratory research projects focused on further development and technical validation of emerging technologies offering novel capabilities for the molecular or cellular characterization of cancer or for improved handling and quality control of biospecimens used for basic, clinical, or epidemiological cancer research. This NOFO solicits R33 applications where major feasibility gaps for the technology or methodology have been overcome, as demonstrated with supportive…",current,,,,,,,,,,
g066,d2a797a7-04e1-4206-bfd5-059e109beb16,Rachel L Rutishauser,Translational,translational,Recapitulating the qualities of HIV-specific CD8 + T cells from spontaneous controllers. | Correlates of HIV-1 control after combination immunotherapy. | Generating and measuring effective vaccine-elicited HIV-specific CD8 + T cell responses.,c5e686ce-2ccd-45cf-a93a-81b18fe8d51b,RFA-HD-27-007,Using Archived Data and Specimen Collections to Advance Maternal and Pediatric HIV/AIDS Research (R21 CT Not Allowed),Clinical Trial Not Allowed,none,"The purpose of this Funding Opportunity is to address the needs of the maternal and pediatric HIV scientific community for research data translation and sharing. This initiative will support secondary data analyses using archived HIV/AIDS data and specimens. The goal of this initiative is to encourage the scientific community to utilize HIV/AIDS archived data sets and specimen collections to answer important questions about the epidemiology, pathogenesis, treatment, clinical manifestations, and HIV-associated co-infections and co-morbidities in maternal, pediatric and adolescent populations.",current,,,,,,,,,,
g067,b0e0f4b4-3198-4fd3-93e9-d750ab3a27bc,John V Pluvinage,Molecular / cellular mechanistic,discovery,Structure-guided design of a targeted autoantibody degrader for neurologic disease. | Transcobalamin receptor antibodies in autoimmune vitamin B12 central deficiency. | Autoimmune Mechanisms of Metabolic Dysfunction in the Central Nervous System (1K08NS142575-01 · FY2025 · K08),d7818292-c5b2-460e-9bf3-286cf066996a,PAR-25-024,Development of Biomarkers or Composite Biomarkers for Neurological and Neuromuscular Disorders (R61/R33 - Clinical Trial Optional),Clinical Trial Optional,translational,"The purpose of this Notice of Funding Opportunity (NOFO) is to promote the development of fit-for-purpose candidate biomarkers and composite biomarker that enable more efficient clinical trials advance therapeutic development or clinical practice help guide clinical care decisions. Specifically, the goal of this phased funding mechanism is to first identify or confirm candidate biomarker(s) or biomarker signatures using human samples and/or data, followed by an independent retrospective or prospective clinical study to conduct initial clinical validation of the biomarker/signature's clinical…",current,,,,,,,,,,
g068,139becf2-467a-478d-b373-71483f58ba30,Thomas Arnold,Molecular / cellular mechanistic,discovery,Structure-guiding tools to study the role of choline in the development of congenital hydrocephalus (1R01NS142590-01 · FY2025 · R01) | Targeting aVb8 integrin to restore astrocyte-microglia crosstalk to treat Alzheimer's disease (1R41AG092194-01A1 · FY2025 · R41) | Temporal and Spatial Gene Expression Dynamics in Neonatal HI Hippocampus with Focus on Arginase.,f161912f-38e6-4709-aecd-37f710a6a4cf,RFA-NS-24-031,BRAIN Initiative: Preclinical Proof of Concept for Novel Recording and Modulation Technologies in the Human CNS (R18 - Clinical Trial Not Allowed),Clinical Trial Not Allowed,health_systems,"Awarded activities will facilitate the translation of novel recording and modulation technologies that can be used to treat and/or diagnose central nervous system (CNS) diseases and disorders and to better understand the human CNS, from proof of concept up to the stage of readiness for first in human (FIH) studies. Technologies may incorporate any signal modality (e.g., electrical, optical, magnetic, acoustic) or a combination thereof Team-based applications that integrate appropriate domains of expertise are encouraged.",current,,,,,,,,,,
g069,3c89de7d-b0a9-4cb3-8bab-9799212dd3fa,Qizhi Tang,Translational,translational,"iSTAR Tregs (1U01DK137140-01 · FY2023 · U01) | Pharmacokinetics, lineage identity, and trafficking of ex vivo expanded polyclonal regulatory T cells in a prospective randomized clinical trial of kidney transplant recipients with allograft inflammation. | Rebalancing the Immune System to Treat Type 1 Diabetes.",ca5ae9ed-6b20-41b0-8862-9fd44d06f14a,RFA-DK-27-108,"Continuation of the Cardiovascular Repository for-Type 1 Diabetes (CARE-T1D) Consortium U01 (Open Competition)- Research (U01, Clinical Trial Not Allowed)",Clinical Trial Not Allowed,discovery,"The NIH Cardiovascular Repository for Type 1 Diabetes (CaRe-T1D) was created to improve research on type 1 diabetes (T1D) and cardiovascular disease (CVD). Cardiovascular complications remain the top cause of death among people with T1D and greatly shorten lifespan. The mechanisms underlying atherosclerosis, cardiomyopathy, endothelial dysfunction, and cardiac autonomic neuropathy in T1D remain poorly understood. While managing traditional risk factors–such as high blood glucose, high blood pressure, and elevated cholesterol lower cardiovascular risk, a significant residual risk remains even…",current,,,,,,,,,,
g070,85058087-2c17-46ac-86e0-c44b4f8ffe13,Mallar Bhattacharya,Animal-model research,preclinical,Myeloid-mesenchymal crosstalk drives Arg1-dependent profibrotic metabolism via ornithine in lung fibrosis. | Myeloid-mesenchymal crosstalk drives ARG1-dependent profibrotic metabolism via ornithine in lung fibrosis. | IL10 trains macrophage profibrotic function after lung injury.,803a9b60-5c51-46a4-915c-32af964dc9b7,PAR-25-447,"NHLBI TOPMed: Omics Phenotypes of Heart, Lung, and Blood Disorders (X01 - Clinical Trial Not Allowed)",Clinical Trial Not Allowed,discovery,"This Notice of Funding Opportunity (NOFO) invites applications to use NHLBI-funded TransOmics for Precision Medicine (TOPMed) program to access TOPMed capacity to generate a large volume of integrated genetic and multi-omics data to facilitate discovery of the molecular mechanisms of Heart, Lung, Blood, and Sleep (HLBS) disorders. No funding will be provided under this NOFO. The genomic data and related phenotypic data will be deposited in a public NIH-designated controlled-access database such as the database for Genotypes and Phenotypes (dbGaP) and NHLBI's BioData Catalyst (BDC). The…",current,,,,,,,,,,
g071,b0e0f4b4-3198-4fd3-93e9-d750ab3a27bc,John V Pluvinage,Molecular / cellular mechanistic,discovery,Structure-guided design of a targeted autoantibody degrader for neurologic disease. | Transcobalamin receptor antibodies in autoimmune vitamin B12 central deficiency. | Autoimmune Mechanisms of Metabolic Dysfunction in the Central Nervous System (1K08NS142575-01 · FY2025 · K08),1ae4008b-69af-403c-8a8e-c0a8e2aa3e7a,PAR-25-065,Novel Mechanism Research on Neuropsychiatric Symptoms (NPS) in Alzheimer's Dementia (R01 Clinical Trial Optional),Clinical Trial Optional,discovery,The goal of this Notice of Funding Opportunity (NOFO) is to encourage applications for studies that will enhance knowledge of mechanisms associated with neuropsychiatric symptoms (NPS) in persons with Alzheimer's disease (AD) or Alzheimer's disease-related dementias (ADRD). The findings are expected to advance mechanistic understanding of both bio behavioral and neurobiological pathways leading to NPS. Findings may also provide insight into novel therapeutic targets that can be advanced into interventions to treat and prevent the development of NPS in AD and/or ADRD. This NOFO uses the R01…,current,,,,,,,,,,
g072,4ebd85b5-967b-4c88-99c1-d18cde340a6b,Thea D Tlsty,Molecular / cellular mechanistic,discovery,Proteomic Analysis of Breast Cancer Subtypes Identifies Stromal Protein Profiles that Contribute to Aggressive Malignant Behavior. | An adaptive Epithelial-Mesenchymal Transition Program Enables Basal Epithelial Cells to Bypass Stress-Induced Stasis and Contributes to Metaplastic Breast Cancer Progenitor State. | A Fibroblast State Choreographs an Epithelial YAP-dependent Regenerative Program Essential to (Pre)malignancy via ECM-mediated Mechanotransduction.,49640efe-2d80-4f97-8519-dd41989344d8,PAR-25-069,Mechanisms that Impact Cancer Risk with Use of Incretin Mimetics (R01 Clinical Trial Optional),Clinical Trial Optional,none,"Through this notice of funding opportunity (NOFO), the National Cancer Institute (NCI) invites applications for investigator-initiated studies addressing mechanisms by which incretin mimetics, specifically glucagon-like peptide (GLP)-1 or dual GLP-1/ glucose?dependent insulinotropic polypepide (GIP)-1 receptor agonists (RAs), impact cancer risk. The focus on these agents is due to their reported effects on thyroid, prostate and other cancer risks, and the generally more favorable efficacy and side effect profile compared to other classes of incretin mimetics. In addition, this NOFO seeks to…",current,,,,,,,,,,
g073,46b632a0-c38c-4918-9b1a-c2dc1f7bc271,Bridget P Keenan,Translational,translational,Oral Toxicities of PSMA-Targeted Therapies: Mitigation Strategies and Translational Opportunities. | Combination LIGHT overexpression and checkpoint blockade disrupts the tumor immune environment impacting colorectal liver metastases. | Intratumoral heterogeneity and immunotherapy resistance: clinical implications.,d5732d02-20fc-4243-9672-48f17232e905,RFA-CA-27-020,Advanced Development of Informatics Technologies for Cancer Research and Management (U24 Clinical Trial Optional),Clinical Trial Optional,none,"This Notice of Funding Opportunity (NOFO) invites applications for advanced development and enhancement of emerging informatics technologies to improve the acquisition, analysis, visualization, and interpretation of data across the cancer research continuum including cancer biology, cancer treatment and diagnosis, early cancer detection, risk assessment and prevention, cancer control and epidemiology. As a component of the NCI's Informatics Technology for Cancer Research (ITCR) Program, this NOFO is focused on advancing emerging informatics technology, defined as one that has passed the…",current,,,,,,,,,,
g074,bc351a73-0c5e-4247-9bff-7e681c6e5b46,Margaret E Feeney,Translational,translational,Inhibitory NK receptor expression associates with altered antimalarial function of γδ T cells. | Malaria immunity in the infant: progress and pitfalls. | Congenital cytomegalovirus infection drives oligoclonal expansion of cytotoxic ?d T cells from early fetal progenitors.,d466aefd-be25-4f4b-bca1-4f73b531e223,PAR-25-362,Early Immune System Development and Ontogeny (R01 Clinical Trial Optional),Clinical Trial Optional,discovery,"The purpose of this Notice of Funding Opportunity (NOFO) is to further elucidate the mechanisms of early immune development in utero, during the early post-natal period and during early childhood in neonates, infants, and children and adolescents with or without in-utero exposure to HIV or Anti-Retroviral Therapeutics (ART). This initiative aims to understand intricate mechanisms of immune cells at the maternal-fetal interface, T and B cell development and maturation in offspring, and local immune responses and the role of systemic immunity.",current,,,,,,,,,,
g075,2e0d35ce-9900-4d03-8973-abb186594cdd,Peter M Bruno,Molecular / cellular mechanistic,discovery,"High-throughput, targeted MHC class I immunopeptidomics using a functional genetics screening platform. | The primary mechanism of cytotoxicity of the chemotherapeutic agent CX-5461 is topoisomerase II poisoning. | A multi-subunit autophagic capture complex facilitates degradation of ER-stalled MHC class I in pancreatic cancer.",f51b048f-a91f-4529-88cb-be73c8d9d99d,RFA-HL-26-018,"Catalyze: Product Definition for Small Molecules, Biologics, and Combination Products - Preliminary Product/Lead Series Identification and Combination Product Prototype (R33 - Clinical Trial Not Allowed)",Clinical Trial Not Allowed,translational,"This Notice of Funding Opportunity (NOFO) will provide the early stage translational support needed to identify a lead compound series toward development of potential therapeutic agents to treat heart, lung, blood, and sleep (HLBS) diseases and disorders. This NOFO is part of a suite of Catalyze innovation grants to advance projects to the point where they can meet the entry criteria for the NHLBI Catalyze Preclinical program or attract independent development support from other federal or private partners for preclinical optimization and development of therapeutic agents.",current,,,,,,,,,,
g076,2ed11cbc-29c0-400a-b807-ebeea70f9c8e,Marlys S Fassett,Animal-model research,preclinical,Illuminating IL-31-producing cells in allergic skin disease (1R03AR082948-01 · FY2023 · R03) | IL-31-dependent neurogenic inflammation restrains cutaneous type 2 immune response in allergic dermatitis. | Identification of Functionally Relevant microRNAs in the Regulation of Allergic Inflammation.,e6a816aa-5c8b-460a-9226-3cd7fc2bea1b,PAR-27-082,NIAID Investigator Initiated Program Project Applications (P01 Clinical Trial Not Allowed),Clinical Trial Not Allowed,none,"The mission of the National Institute of Allergy and Infectious Diseases (NIAID) is to conduct and support basic and applied research to better understand, treat, and ultimately prevent infectious, immunologic, and allergic diseases. To accomplish its mission, NIAID conducts and supports a comprehensive portfolio of research on the biology and pathogenesis of microbes; host-microbe interactions; the mechanisms of normal immune system development and function across the lifespan, and/or in response to infectious pathogens; immune dysfunction resulting in allergy, asthma, autoimmunity,…",current,,,,,,,,,,
g077,1beac144-b544-45f2-ada4-25b7d87e3f07,Rushika M Perera,Molecular / cellular mechanistic,discovery,A multi-subunit autophagic capture complex facilitates degradation of ER-stalled MHC class I in pancreatic cancer. | A multi-subunit autophagic capture complex facilitates degradation of ER stalled MHC-I in pancreatic cancer. | PCSK9 drives sterol-dependent metastatic organ choice in pancreatic cancer.,ca5ae9ed-6b20-41b0-8862-9fd44d06f14a,RFA-DK-27-108,"Continuation of the Cardiovascular Repository for-Type 1 Diabetes (CARE-T1D) Consortium U01 (Open Competition)- Research (U01, Clinical Trial Not Allowed)",Clinical Trial Not Allowed,discovery,"The NIH Cardiovascular Repository for Type 1 Diabetes (CaRe-T1D) was created to improve research on type 1 diabetes (T1D) and cardiovascular disease (CVD). Cardiovascular complications remain the top cause of death among people with T1D and greatly shorten lifespan. The mechanisms underlying atherosclerosis, cardiomyopathy, endothelial dysfunction, and cardiac autonomic neuropathy in T1D remain poorly understood. While managing traditional risk factors–such as high blood glucose, high blood pressure, and elevated cholesterol lower cardiovascular risk, a significant residual risk remains even…",current,,,,,,,,,,
g078,5e7587f9-1611-43f3-aa09-c229766c7802,Roarke A Kamber,Molecular / cellular mechanistic,discovery,The peroxisomal exportomer directly inhibits phosphoactivation of the pexophagy receptor Atg36 to suppress pexophagy in yeast. | Inter-cellular CRISPR screens reveal regulators of cancer cell phagocytosis. | Systematic Discovery and Characterization of Novel Cancer Anti-Phagocytic Mechanisms (1K99CA259218-01A1 · FY2022 · K99),61234cd8-5258-44d5-be38-222ebf62d029,PAR-24-306,Research Projects to Enhance Applicability of Mammalian Models for Translational Research (R01 Clinical Trial Not Allowed),Clinical Trial Not Allowed,translational,"Through this Notice of Funding Opportunity (NOFO), the National Cancer Institute (NCI) invites applications for projects to expand, improve, or transform the utility of mammalian cancer and tumor models for translational research. The NCI, through this NOFO, encourages submission of projects devoted to demonstrating that mammalian models, including organoids, tumoroids and cell models, used for translational research are robust representations of human biology, are appropriate to test questions of clinical importance, and provide reliable information for patient benefit. These practical…",current,,,,,,,,,,
g079,04e59cf5-600a-462c-91bc-b2b97f122c3d,Kole T Roybal,Translational,translational,Synthetic Hybrid Receptors for Safer and Programmable T Cell Therapy. | Engineered receptors for soluble cellular communication and disease sensing. | Naturally occurring T cell mutations enhance engineered T cell therapies.,d5732d02-20fc-4243-9672-48f17232e905,RFA-CA-27-020,Advanced Development of Informatics Technologies for Cancer Research and Management (U24 Clinical Trial Optional),Clinical Trial Optional,none,"This Notice of Funding Opportunity (NOFO) invites applications for advanced development and enhancement of emerging informatics technologies to improve the acquisition, analysis, visualization, and interpretation of data across the cancer research continuum including cancer biology, cancer treatment and diagnosis, early cancer detection, risk assessment and prevention, cancer control and epidemiology. As a component of the NCI's Informatics Technology for Cancer Research (ITCR) Program, this NOFO is focused on advancing emerging informatics technology, defined as one that has passed the…",current,,,,,,,,,,
g080,5e7587f9-1611-43f3-aa09-c229766c7802,Roarke A Kamber,Molecular / cellular mechanistic,discovery,The peroxisomal exportomer directly inhibits phosphoactivation of the pexophagy receptor Atg36 to suppress pexophagy in yeast. | Inter-cellular CRISPR screens reveal regulators of cancer cell phagocytosis. | Systematic Discovery and Characterization of Novel Cancer Anti-Phagocytic Mechanisms (1K99CA259218-01A1 · FY2022 · K99),e270776c-b152-4039-9d9d-adebb2e2a89d,RFA-HL-26-019,Catalyze Product Definition  Medical Device prototype design/testing and disease target identification and assay development (R61/R33 - Clinical Trial Not Allowed),Clinical Trial Not Allowed,translational,"This Notice of Funding Opportunity (NOFO) will provide the early stage translational support needed to develop and test device prototype designs, identify diagnostic disease targets and develop associated assays, and develop research tools for use in the treatment of heart, lung, blood and sleep (HLBS) diseases and disorders. This NOFO is part of a suite of Catalyze innovation grants to advance projects to the point where they can meet the entry criteria for the NHLBI Catalyze Preclinical program or attract independent development support from other federal or private partners for…",current,,,,,,,,,,
g081,019aef54-10ea-42d7-8399-83c706f7f6e8,Aleksandar Rajkovic,Molecular / cellular mechanistic,discovery,"The Human Intolerome: A curated database to prioritize genomic variants in stillbirth, pregnancy loss, and neonatal death. | Preconception Genetic Carrier Screening for Miscarriage Risk Assessment: A Bioinformatic Approach to Identifying Candidate Lethal Genes and Variants. | Heterozygous TP63 pathogenic variants in isolated primary ovarian insufficiency.",7738100f-41f8-4f8e-9f26-07b2055653bf,PAR-27-071,Discovery of the Genetic Basis of Childhood Cancers and of Congenital Anomalies: Gabriella Miller Kids First Pediatric Research Program (X01 Clinical Trial Not Allowed),Clinical Trial Not Allowed,population,"As part of the Gabriella Miller Kids First Pediatric Research Program (Kids First Program), the NIH invites applications to submit samples from pediatric cohorts for whole genome sequencing at a Kids First Program supported genomic data generating centers. Applicants are encouraged to propose sequencing of existing pediatric cancer or congenital anomaly cohorts to elucidate the genetic contribution (somatic and/or germline) to childhood cancers, to investigate the genetic etiology of congenital anomalies, to study the molecular basis of the associations between congenital anomalies and…",adversarial,,,,,,,,,,
g082,e8cdb893-fdb6-42e9-86fc-877f6100da9a,Renuka R Nayak,Molecular / cellular mechanistic,discovery,Multi-cohort Analysis Reveals Microbiome Signatures Associated with Drug Response in New-Onset Rheumatoid Arthritis. | The gut microbiome shapes pharmacology and treatment outcomes for a key anti-inflammatory therapy. | Identifying and targeting gut microbial mechanisms that contribute to methotrexate response in rheumatoid arthritis (1I01CX002557-01 · FY2024 · I01),faa4b532-78e4-4b9e-8d4a-9f0421fe7b69,PAR-25-255,Developing novel theory and methods for understanding the genetic architecture of complex human traits (R01 Clinical Trial Not Allowed),Clinical Trial Not Allowed,population,"The goal of this NOFO is to support applications for novel theory and methods development that enable better understanding of how genetic and non-genetic factors contribute to complex trait variation across individuals, families, and populations. Approaches should be interdisciplinary drawing from the natural and social sciences, account for interdependencies across scales of biological, social, and ecological organization, and make extensive use of theory, modeling, and validation with available large-scale datasets.",adversarial,,,,,,,,,,
g083,e8cdb893-fdb6-42e9-86fc-877f6100da9a,Renuka R Nayak,Molecular / cellular mechanistic,discovery,Multi-cohort Analysis Reveals Microbiome Signatures Associated with Drug Response in New-Onset Rheumatoid Arthritis. | The gut microbiome shapes pharmacology and treatment outcomes for a key anti-inflammatory therapy. | Identifying and targeting gut microbial mechanisms that contribute to methotrexate response in rheumatoid arthritis (1I01CX002557-01 · FY2024 · I01),c74dcf1d-0e28-4f44-a171-9cabc3467fd1,PAR-25-095,Secondary Analysis and Integration of Existing Data to Elucidate Cancer Risk and Related Outcomes (R01 Clinical Trial Not Allowed),Clinical Trial Not Allowed,population,"Through this Notice of Funding Opportunity (NOFO), the National Cancer Institute (NCI) along with other participating Institutes encourages submission of applications proposing to conduct secondary data analysis and integration of existing datasets and database resources, with the ultimate aim to elucidate cancer risk and related outcomes (e.g., risk prediction or reduction, survival, or response to treatment, etc.). The goal of this initiative is to address key scientific questions relevant to cancer by supporting the analysis of existing clinical, environmental, surveillance, health…",adversarial,,,,,,,,,,
g084,6b1d1dbd-539e-45f0-955c-682f4dc9fa7d,Elizabeth E Crouch,Molecular / cellular mechanistic,discovery,The molecular landscape of vascular cells in the human brain. | The promise of cerebral organoids for neonatology. | Profiling human brain vascular cells using single-cell transcriptomics and organoids.,f161912f-38e6-4709-aecd-37f710a6a4cf,RFA-NS-24-031,BRAIN Initiative: Preclinical Proof of Concept for Novel Recording and Modulation Technologies in the Human CNS (R18 - Clinical Trial Not Allowed),Clinical Trial Not Allowed,health_systems,"Awarded activities will facilitate the translation of novel recording and modulation technologies that can be used to treat and/or diagnose central nervous system (CNS) diseases and disorders and to better understand the human CNS, from proof of concept up to the stage of readiness for first in human (FIH) studies. Technologies may incorporate any signal modality (e.g., electrical, optical, magnetic, acoustic) or a combination thereof Team-based applications that integrate appropriate domains of expertise are encouraged.",adversarial,,,,,,,,,,
g085,b4b23925-cb44-4cee-b9b3-10ea0fa383b6,Samuel J Pleasure,Molecular / cellular mechanistic,discovery,Aberrant FGF signaling promotes granule neuron precursor expansion in SHH subgroup infantile medulloblastoma. | The Neocortical Progenitor Specification Program Is Established through Combined Modulation of SHH and FGF Signaling. | Antigen-directed therapies for autoantibody associated neuroinflammatory diseases. (1RM1NS138808-01 · FY2025 · RM1),1282d132-aea7-4226-b75b-4f463dc123de,RFA-DC-26-001,Early-Stage Dissemination and Implementation Research in Communication Disorders (R21 Clinical Trial Optional),Clinical Trial Optional,health_systems,"NIDCD invites applications for early-stage dissemination and implementation (D&I) research projects (e.g., during development and evaluation of the evidence-based innovation, EBI) in the NIDCD mission areas of hearing, balance, taste, smell, voice, speech, and language.",adversarial,,,,,,,,,,
g086,d319da9b-04c1-428d-a741-cae7f49cefaa,Katerina Akassoglou,Molecular / cellular mechanistic,discovery,"Neurovascular Interactions: Mechanisms, Imaging, Therapeutics (1R35NS143067-01 · FY2025 · R35) | Three-Dimensional Imaging of Fibrinogen and Neurovascular Alterations in Alzheimer's Disease. | Breaking barriers in postoperative delirium.",f161912f-38e6-4709-aecd-37f710a6a4cf,RFA-NS-24-031,BRAIN Initiative: Preclinical Proof of Concept for Novel Recording and Modulation Technologies in the Human CNS (R18 - Clinical Trial Not Allowed),Clinical Trial Not Allowed,health_systems,"Awarded activities will facilitate the translation of novel recording and modulation technologies that can be used to treat and/or diagnose central nervous system (CNS) diseases and disorders and to better understand the human CNS, from proof of concept up to the stage of readiness for first in human (FIH) studies. Technologies may incorporate any signal modality (e.g., electrical, optical, magnetic, acoustic) or a combination thereof Team-based applications that integrate appropriate domains of expertise are encouraged.",adversarial,,,,,,,,,,
g087,7b0ad33f-6b7e-4eb7-920e-27bdfcc23310,Roberto R Ricardo-Gonzalez,Animal-model research,preclinical,Tissue-specific pathways extrude activated ILC2s to disseminate type 2 immunity. | RORγt eTACs mediate oral tolerance and Treg induction. | IL-25-induced memory type 2 innate lymphoid cells enforce mucosal immunity.,c74dcf1d-0e28-4f44-a171-9cabc3467fd1,PAR-25-095,Secondary Analysis and Integration of Existing Data to Elucidate Cancer Risk and Related Outcomes (R01 Clinical Trial Not Allowed),Clinical Trial Not Allowed,population,"Through this Notice of Funding Opportunity (NOFO), the National Cancer Institute (NCI) along with other participating Institutes encourages submission of applications proposing to conduct secondary data analysis and integration of existing datasets and database resources, with the ultimate aim to elucidate cancer risk and related outcomes (e.g., risk prediction or reduction, survival, or response to treatment, etc.). The goal of this initiative is to address key scientific questions relevant to cancer by supporting the analysis of existing clinical, environmental, surveillance, health…",adversarial,,,,,,,,,,
g088,7b0ad33f-6b7e-4eb7-920e-27bdfcc23310,Roberto R Ricardo-Gonzalez,Animal-model research,preclinical,Tissue-specific pathways extrude activated ILC2s to disseminate type 2 immunity. | RORγt eTACs mediate oral tolerance and Treg induction. | IL-25-induced memory type 2 innate lymphoid cells enforce mucosal immunity.,ac421de0-5e48-4af6-aac4-9ed32d09e227,PAR-25-096,Secondary Analysis and Integration of Existing Data to Elucidate Cancer Risk and Related Outcomes (R21 Clinical Trials Not Allowed),Clinical Trial Not Allowed,population,"Through this Notice of Funding Opportunity (NOFO), the National Cancer Institute (NCI) along with other participating Institutes encourages submission of applications proposing to conduct secondary data analysis and integration of existing datasets and database resources, with the ultimate aim to elucidate cancer risk and related outcomes (e.g., risk prediction or reduction, survival, or response to treatment, etc.). The goal of this initiative is to address key scientific questions relevant to cancer by supporting the analysis of existing clinical, environmental, surveillance, health…",adversarial,,,,,,,,,,
g089,2ed11cbc-29c0-400a-b807-ebeea70f9c8e,Marlys S Fassett,Animal-model research,preclinical,Illuminating IL-31-producing cells in allergic skin disease (1R03AR082948-01 · FY2023 · R03) | IL-31-dependent neurogenic inflammation restrains cutaneous type 2 immune response in allergic dermatitis. | Identification of Functionally Relevant microRNAs in the Regulation of Allergic Inflammation.,c74dcf1d-0e28-4f44-a171-9cabc3467fd1,PAR-25-095,Secondary Analysis and Integration of Existing Data to Elucidate Cancer Risk and Related Outcomes (R01 Clinical Trial Not Allowed),Clinical Trial Not Allowed,population,"Through this Notice of Funding Opportunity (NOFO), the National Cancer Institute (NCI) along with other participating Institutes encourages submission of applications proposing to conduct secondary data analysis and integration of existing datasets and database resources, with the ultimate aim to elucidate cancer risk and related outcomes (e.g., risk prediction or reduction, survival, or response to treatment, etc.). The goal of this initiative is to address key scientific questions relevant to cancer by supporting the analysis of existing clinical, environmental, surveillance, health…",adversarial,,,,,,,,,,
g090,4b4fa146-0219-4ceb-919a-6afcfc00d64a,Ari B Molofsky,Animal-model research,preclinical,Type 2 lymphocytes restrict type 3 lymphocytes during liver fibrosis and colocalize in fibroblast niches. | Dynamic fibroblast-immune interactions shape recovery after brain injury. | Distinct early and late programs of fibroblast - immune crosstalk govern functional responses to brain injury (1R01AI180438-01A1 · FY2024 · R01),f161912f-38e6-4709-aecd-37f710a6a4cf,RFA-NS-24-031,BRAIN Initiative: Preclinical Proof of Concept for Novel Recording and Modulation Technologies in the Human CNS (R18 - Clinical Trial Not Allowed),Clinical Trial Not Allowed,health_systems,"Awarded activities will facilitate the translation of novel recording and modulation technologies that can be used to treat and/or diagnose central nervous system (CNS) diseases and disorders and to better understand the human CNS, from proof of concept up to the stage of readiness for first in human (FIH) studies. Technologies may incorporate any signal modality (e.g., electrical, optical, magnetic, acoustic) or a combination thereof Team-based applications that integrate appropriate domains of expertise are encouraged.",adversarial,,,,,,,,,,
g091,2ed11cbc-29c0-400a-b807-ebeea70f9c8e,Marlys S Fassett,Animal-model research,preclinical,Illuminating IL-31-producing cells in allergic skin disease (1R03AR082948-01 · FY2023 · R03) | IL-31-dependent neurogenic inflammation restrains cutaneous type 2 immune response in allergic dermatitis. | Identification of Functionally Relevant microRNAs in the Regulation of Allergic Inflammation.,1282d132-aea7-4226-b75b-4f463dc123de,RFA-DC-26-001,Early-Stage Dissemination and Implementation Research in Communication Disorders (R21 Clinical Trial Optional),Clinical Trial Optional,health_systems,"NIDCD invites applications for early-stage dissemination and implementation (D&I) research projects (e.g., during development and evaluation of the evidence-based innovation, EBI) in the NIDCD mission areas of hearing, balance, taste, smell, voice, speech, and language.",adversarial,,,,,,,,,,
g092,85058087-2c17-46ac-86e0-c44b4f8ffe13,Mallar Bhattacharya,Animal-model research,preclinical,Myeloid-mesenchymal crosstalk drives Arg1-dependent profibrotic metabolism via ornithine in lung fibrosis. | Myeloid-mesenchymal crosstalk drives ARG1-dependent profibrotic metabolism via ornithine in lung fibrosis. | IL10 trains macrophage profibrotic function after lung injury.,f8f05bbb-ced2-4329-a12f-30b98a3b3fba,PAR-24-273,Advancing Healthcare for Older Adults from Populations that Experience Health Disparities (R01 - Clinical Trial Optional),Clinical Trial Optional,health_systems,"The purpose of this initiative is to advance the science and implementation of innovative multi-level health care research for older adults from populations that experience health disparities. The initiative will support research designed to (1) gain a better understanding of appropriate screening, diagnostic, and clinical care guidelines in a primary care setting, (2) explore shared decision-making that is needed to enhance care planning and patient agency between clinicians and care teams with the older adult and their caregiver(s), and (3) identify effective strategies for care…",adversarial,,,,,,,,,,
g093,b4b23925-cb44-4cee-b9b3-10ea0fa383b6,Samuel J Pleasure,Molecular / cellular mechanistic,discovery,Aberrant FGF signaling promotes granule neuron precursor expansion in SHH subgroup infantile medulloblastoma. | The Neocortical Progenitor Specification Program Is Established through Combined Modulation of SHH and FGF Signaling. | Antigen-directed therapies for autoantibody associated neuroinflammatory diseases. (1RM1NS138808-01 · FY2025 · RM1),87159b6a-abee-48bb-b648-d58086d5dff5,PAR-25-225,Innovation Grants to Nurture Initial Translational Efforts (IGNITE): Neurotherapeutic Agent Characterization and In vivo Efficacy Studies (R61/R33 Clinical Trial Not Allowed),Clinical Trial Not Allowed,preclinical,"This Notice of Funding Opportunity (NOFO) provides funding to conduct pharmacodynamic, pharmacokinetic, and in vivo efficacy studies to demonstrate that proposed therapeutic agent(s) have sufficient biological activity to warrant further development to treat neurological disorders that fall under the NINDS mission. Therapeutic agents include small molecules or biologics. This NOFO is part of a suite of Innovation Grants to Nurture Initial Translational Efforts (IGNITE).",adversarial,,,,,,,,,,
g094,b4b23925-cb44-4cee-b9b3-10ea0fa383b6,Samuel J Pleasure,Molecular / cellular mechanistic,discovery,Aberrant FGF signaling promotes granule neuron precursor expansion in SHH subgroup infantile medulloblastoma. | The Neocortical Progenitor Specification Program Is Established through Combined Modulation of SHH and FGF Signaling. | Antigen-directed therapies for autoantibody associated neuroinflammatory diseases. (1RM1NS138808-01 · FY2025 · RM1),d3b5104e-6de9-42ea-9a5f-7339c7a13c9d,PAR-25-273,Development of Animal Models and Related Biological Materials for Research (R21 Clinical Trial Not Allowed),Clinical Trial Not Allowed,preclinical,"This notice of funding opportunity (NOFO) encourages innovative research to develop, improve, characterize, and preserve animal models as well as animal model related biological materials, technologies, and new approach methodologies (NAMs) for studies relevant to human health and disease. This NOFO also seeks projects aimed at improving the diagnosis and control of diseases that could confound or interfere with animal use in biomedical research. The proposed project must have broad applicability to multiple NIH Institutes or Centers (ICs) to align with the NIH-wide mission of the Office of…",adversarial,,,,,,,,,,
g095,001f7e5b-4cda-43ff-b12a-ec8dfe428e98,Art Weiss,Molecular / cellular mechanistic,discovery,"Peeking Into the Black Box of T Cell Receptor Signaling. | The phosphatidylinositol-transfer protein Nir3 promotes PI(4,5)P(2) replenishment in response to TCR signaling during T cell development and survival. | Cold Spring Harbor Laboratory 2022: emerging insights and viewpoints in immunology.",d3b5104e-6de9-42ea-9a5f-7339c7a13c9d,PAR-25-273,Development of Animal Models and Related Biological Materials for Research (R21 Clinical Trial Not Allowed),Clinical Trial Not Allowed,preclinical,"This notice of funding opportunity (NOFO) encourages innovative research to develop, improve, characterize, and preserve animal models as well as animal model related biological materials, technologies, and new approach methodologies (NAMs) for studies relevant to human health and disease. This NOFO also seeks projects aimed at improving the diagnosis and control of diseases that could confound or interfere with animal use in biomedical research. The proposed project must have broad applicability to multiple NIH Institutes or Centers (ICs) to align with the NIH-wide mission of the Office of…",adversarial,,,,,,,,,,
g096,a945fa21-8a0e-4041-8595-eb357e611bed,Mary Helen Barcellos-Hoff,Molecular / cellular mechanistic,discovery,Revisiting the TGFβ paradox: insights from HPV-driven cancer and the DNA damage response. | A conserved subset of cold tumors responsive to immune checkpoint blockade. | Molecular Pathways and Mechanisms of TGFβ in Cancer Therapy.,840a60f5-2c2f-45bf-8335-ce7e7dda2f3f,RFA-CA-27-005,Glioblastoma Therapeutics Network (GTN) (U19 Clinical Trial Required),Clinical Trial Required,translational,"The overall goal of this Notice of Funding Opportunity (NOFO) is to improve the treatment of adult Glioblastoma Multiforme (GBM) by developing novel effective agents that can cross the blood brain barrier (BBB) and testing them in the clinic. To implement this initiative, multi-institutional teams are invited to participate in the Glioblastoma Therapeutics Network (GTN). Each GTN team is expected to drive therapeutic agent(s) from late pre-clinical development, through IND studies, into pilot clinical studies in humans. Successful early-stage trials of these new drugs would transition…",adversarial,,,,,,,,,,
g097,bbb7bfec-8a66-4bfa-926d-203480a36fd4,Joanna J Phillips,Molecular / cellular mechanistic,discovery,MAPK-driven glioma progression and reprogramming of the tumor-associated immune response. | Core B: Biospecimen and Pathology Core (1U54CA302452-01 · FY2025 · U54) | Quantitative Assessment of Preanalytic Variables on Clinical Evaluation of PI3/AKT/mTOR Signaling Activity in Diffuse Glioma.,840a60f5-2c2f-45bf-8335-ce7e7dda2f3f,RFA-CA-27-005,Glioblastoma Therapeutics Network (GTN) (U19 Clinical Trial Required),Clinical Trial Required,translational,"The overall goal of this Notice of Funding Opportunity (NOFO) is to improve the treatment of adult Glioblastoma Multiforme (GBM) by developing novel effective agents that can cross the blood brain barrier (BBB) and testing them in the clinic. To implement this initiative, multi-institutional teams are invited to participate in the Glioblastoma Therapeutics Network (GTN). Each GTN team is expected to drive therapeutic agent(s) from late pre-clinical development, through IND studies, into pilot clinical studies in humans. Successful early-stage trials of these new drugs would transition…",adversarial,,,,,,,,,,
g098,8850ac87-c422-4022-905c-885b330f2eb4,Julia Carnevale,Molecular / cellular mechanistic,discovery,In vivo genome-wide CRISPR screens in human T cells to enhance T cell therapy for solid tumors. | Virus-like particles enable targeted gene engineering and pooled CRISPR screening in primary human myeloid cells. | Understanding TCR T cell knockout behavior using interpretable machine learning.,e270776c-b152-4039-9d9d-adebb2e2a89d,RFA-HL-26-019,Catalyze Product Definition  Medical Device prototype design/testing and disease target identification and assay development (R61/R33 - Clinical Trial Not Allowed),Clinical Trial Not Allowed,translational,"This Notice of Funding Opportunity (NOFO) will provide the early stage translational support needed to develop and test device prototype designs, identify diagnostic disease targets and develop associated assays, and develop research tools for use in the treatment of heart, lung, blood and sleep (HLBS) diseases and disorders. This NOFO is part of a suite of Catalyze innovation grants to advance projects to the point where they can meet the entry criteria for the NHLBI Catalyze Preclinical program or attract independent development support from other federal or private partners for…",adversarial,,,,,,,,,,
g099,139becf2-467a-478d-b373-71483f58ba30,Thomas Arnold,Molecular / cellular mechanistic,discovery,Structure-guiding tools to study the role of choline in the development of congenital hydrocephalus (1R01NS142590-01 · FY2025 · R01) | Targeting aVb8 integrin to restore astrocyte-microglia crosstalk to treat Alzheimer's disease (1R41AG092194-01A1 · FY2025 · R41) | Temporal and Spatial Gene Expression Dynamics in Neonatal HI Hippocampus with Focus on Arginase.,e8b490b3-2b74-46b8-9622-6de7d9927290,RFA-NS-27-011,Single Source: Post-Stroke Vascular Contributions to Cognitive Impairment and Dementia (VCID) in the United States (U19 - Clinical Trial Not Allowed),Clinical Trial Not Allowed,clinical,"his is a non-competitive funding opportunity intended to fund a single award. The National Institute of Neurological Disorders and Stroke is announcing its intent to issue a single source cooperative agreement award to Massachusetts General Hospital to support the renewal of the Post-Stroke Vascular Cognitive Impairment & Dementia (VCID) program, an ongoing, multi-site clinical research initiative designed to elucidate mechanisms linking stroke to subsequent cognitive impairment and dementia. The award will enable completion of the scientific aims initiated under the original U19 cooperative…",adversarial,,,,,,,,,,
g100,139becf2-467a-478d-b373-71483f58ba30,Thomas Arnold,Molecular / cellular mechanistic,discovery,Structure-guiding tools to study the role of choline in the development of congenital hydrocephalus (1R01NS142590-01 · FY2025 · R01) | Targeting aVb8 integrin to restore astrocyte-microglia crosstalk to treat Alzheimer's disease (1R41AG092194-01A1 · FY2025 · R41) | Temporal and Spatial Gene Expression Dynamics in Neonatal HI Hippocampus with Focus on Arginase.,c4c341f9-e1ea-44a7-b10a-264fbb825c01,RFA-NS-25-021,BRAIN Initiative:  Next-Generation Devices for Recording and Modulation in the Human Central Nervous System (UG3/UH3 Clinical Trial Optional),Clinical Trial Optional,clinical,"The purpose of this Notice of Funding Opportunity (NOFO) is to encourage investigators to pursue translational activities and small clinical studies for recording and/or stimulating devices to treat central nervous system disorders and better understand the human brain. Activities supported in this program include regulatory activities to obtain an Investigational Device Exemption (IDE) for a Significant Risk (SR) study, as well as a subsequent small clinical study. Only Significant Risk (SR) clinical studies that will require an Investigational Device Exemption (IDE) from the FDA, such as…",adversarial,,,,,,,,,,
g101,8850ac87-c422-4022-905c-885b330f2eb4,Julia Carnevale,Molecular / cellular mechanistic,discovery,In vivo genome-wide CRISPR screens in human T cells to enhance T cell therapy for solid tumors. | Virus-like particles enable targeted gene engineering and pooled CRISPR screening in primary human myeloid cells. | Understanding TCR T cell knockout behavior using interpretable machine learning.,82143570-7779-468f-90db-f3b45699f0a5,PAR-23-284,"Specialized Programs of Research Excellence (SPOREs) in Human Cancers for Years 2024, 2025, and 2026 (P50 Clinical Trial Required)",Clinical Trial Required,clinical,"Through this Notice of Funding Opportunity (NOFO), the National Cancer Institute (NCI) invites applications for P50 Research Center Grants for Specialized Programs of Research Excellence (SPORE). Based on the research proposed, applications may be jointly funded with the National Institute of Dental and Craniofacial Research (NIDCR). The program will fund P50 SPORE grants to support state-of-the-art investigator-initiated translational research that will contribute to improved prevention, early detection, diagnosis, and treatment of an organ-specific cancer or a related group of cancers. For…",adversarial,,,,,,,,,,
g102,3526dfd0-6913-4daa-9eaa-9c478fc49a4e,Abul K Abbas,Animal-model research,preclinical,HARNESSING THE IMMUNE RESPONSE: BASIC PRINCIPLES AND THERAPEUTIC APPLICATIONS. | Cutting edge: Self-antigen controls the balance between effector and regulatory T cells in peripheral tissues. | Treg-Cell Control of a CXCL5-IL-17 Inflammatory Axis Promotes Hair-Follicle-Stem-Cell Differentiation During Skin-Barrier Repair.,d466aefd-be25-4f4b-bca1-4f73b531e223,PAR-25-362,Early Immune System Development and Ontogeny (R01 Clinical Trial Optional),Clinical Trial Optional,discovery,"The purpose of this Notice of Funding Opportunity (NOFO) is to further elucidate the mechanisms of early immune development in utero, during the early post-natal period and during early childhood in neonates, infants, and children and adolescents with or without in-utero exposure to HIV or Anti-Retroviral Therapeutics (ART). This initiative aims to understand intricate mechanisms of immune cells at the maternal-fetal interface, T and B cell development and maturation in offspring, and local immune responses and the role of systemic immunity.",adversarial,,,,,,,,,,
g103,2ed11cbc-29c0-400a-b807-ebeea70f9c8e,Marlys S Fassett,Animal-model research,preclinical,Illuminating IL-31-producing cells in allergic skin disease (1R03AR082948-01 · FY2023 · R03) | IL-31-dependent neurogenic inflammation restrains cutaneous type 2 immune response in allergic dermatitis. | Identification of Functionally Relevant microRNAs in the Regulation of Allergic Inflammation.,9ae38beb-d5bd-438a-8eec-c631023596aa,PA-25-093,Limited Competition: CCRP Initiative: Promoting a Basic Understanding of Chemical Threats to Skin (R34 Clinical Trial Not Allowed),Clinical Trial Not Allowed,discovery,"This Notice of Funding Opportunity (NOFO) intends to support fundamental research that will contribute to basic understanding of skin injuries caused by chemicals that have been identified as public health threats, with an emphasis on investigating the commonalities of such injuries and identifying potential shared signaling pathways and therapeutic targets for medical countermeasure development.",adversarial,,,,,,,,,,
g104,85058087-2c17-46ac-86e0-c44b4f8ffe13,Mallar Bhattacharya,Animal-model research,preclinical,Myeloid-mesenchymal crosstalk drives Arg1-dependent profibrotic metabolism via ornithine in lung fibrosis. | Myeloid-mesenchymal crosstalk drives ARG1-dependent profibrotic metabolism via ornithine in lung fibrosis. | IL10 trains macrophage profibrotic function after lung injury.,5fda7616-99f5-40d4-abab-d5db4df5326b,PAR-25-037,Cellular and Molecular Biology of Complex Brain Disorders (R21 Clinical Trial Not Allowed),Clinical Trial Not Allowed,discovery,"This Notice of Funding Opportunity (NOFO) encourages research on the biology of high confidence risk factors associated with complex brain disorders, with a focus on the intracellular, transcellular and circuit substrates of neural function. For the purposes of this NOFO , the term ""complex"" can refer to a multifactorial contribution to risk (e.g., polygenic and/or environmental) and/or highly distributed functional features of the brain disorder. Studies may be either hypothesis-generating (unbiased discovery) or hypothesis-testing in design and may utilize in vivo, in situ, or in vitro…",adversarial,,,,,,,,,,
g105,85058087-2c17-46ac-86e0-c44b4f8ffe13,Mallar Bhattacharya,Animal-model research,preclinical,Myeloid-mesenchymal crosstalk drives Arg1-dependent profibrotic metabolism via ornithine in lung fibrosis. | Myeloid-mesenchymal crosstalk drives ARG1-dependent profibrotic metabolism via ornithine in lung fibrosis. | IL10 trains macrophage profibrotic function after lung injury.,e270776c-b152-4039-9d9d-adebb2e2a89d,RFA-HL-26-019,Catalyze Product Definition  Medical Device prototype design/testing and disease target identification and assay development (R61/R33 - Clinical Trial Not Allowed),Clinical Trial Not Allowed,translational,"This Notice of Funding Opportunity (NOFO) will provide the early stage translational support needed to develop and test device prototype designs, identify diagnostic disease targets and develop associated assays, and develop research tools for use in the treatment of heart, lung, blood and sleep (HLBS) diseases and disorders. This NOFO is part of a suite of Catalyze innovation grants to advance projects to the point where they can meet the entry criteria for the NHLBI Catalyze Preclinical program or attract independent development support from other federal or private partners for…",adversarial,,,,,,,,,,
g106,49ff2ed1-4dde-49ef-8880-7f7ac50fe0ed,Simone A Minnie,Animal-model research,preclinical,"UCSF Profiles narrative (prior — reliability 0.6, never counted as a source) | TIGIT inhibition and lenalidomide synergistically promote antimyeloma immune responses after stem cell transplantation in mice. | Depletion of exhausted alloreactive T cells enables targeting of stem-like memory T cells to generate tumor-specific immunity.",61234cd8-5258-44d5-be38-222ebf62d029,PAR-24-306,Research Projects to Enhance Applicability of Mammalian Models for Translational Research (R01 Clinical Trial Not Allowed),Clinical Trial Not Allowed,translational,"Through this Notice of Funding Opportunity (NOFO), the National Cancer Institute (NCI) invites applications for projects to expand, improve, or transform the utility of mammalian cancer and tumor models for translational research. The NCI, through this NOFO, encourages submission of projects devoted to demonstrating that mammalian models, including organoids, tumoroids and cell models, used for translational research are robust representations of human biology, are appropriate to test questions of clinical importance, and provide reliable information for patient benefit. These practical…",adversarial,,,,,,,,,,
g107,7b0ad33f-6b7e-4eb7-920e-27bdfcc23310,Roberto R Ricardo-Gonzalez,Animal-model research,preclinical,Tissue-specific pathways extrude activated ILC2s to disseminate type 2 immunity. | RORγt eTACs mediate oral tolerance and Treg induction. | IL-25-induced memory type 2 innate lymphoid cells enforce mucosal immunity.,e270776c-b152-4039-9d9d-adebb2e2a89d,RFA-HL-26-019,Catalyze Product Definition  Medical Device prototype design/testing and disease target identification and assay development (R61/R33 - Clinical Trial Not Allowed),Clinical Trial Not Allowed,translational,"This Notice of Funding Opportunity (NOFO) will provide the early stage translational support needed to develop and test device prototype designs, identify diagnostic disease targets and develop associated assays, and develop research tools for use in the treatment of heart, lung, blood and sleep (HLBS) diseases and disorders. This NOFO is part of a suite of Catalyze innovation grants to advance projects to the point where they can meet the entry criteria for the NHLBI Catalyze Preclinical program or attract independent development support from other federal or private partners for…",adversarial,,,,,,,,,,
g108,3526dfd0-6913-4daa-9eaa-9c478fc49a4e,Abul K Abbas,Animal-model research,preclinical,HARNESSING THE IMMUNE RESPONSE: BASIC PRINCIPLES AND THERAPEUTIC APPLICATIONS. | Cutting edge: Self-antigen controls the balance between effector and regulatory T cells in peripheral tissues. | Treg-Cell Control of a CXCL5-IL-17 Inflammatory Axis Promotes Hair-Follicle-Stem-Cell Differentiation During Skin-Barrier Repair.,2255a46d-c8b7-47cd-a1a4-c60a4541eade,RFA-DK-27-112,Single Source for the Continuation of the Epidemiology of Diabetes Interventions and Complications (EDIC) Study Research Center (Collaborative U01 Clinical Trial Not Allowed),Clinical Trial Not Allowed,clinical,"This is a Notice of Funding Opportunity (NOFO) for a Single Source that will invite an application from the eligible organization to apply. Please see Section III. Eligibility for additional information. In accordance with NIH standard peer-review processes, applications will be peer-reviewed, and only meritorious applications will be considered for funding. Through this NOFO, the National institute of Diabetes and Digestive and Kidney Diseases (NIDDK) invites an application to continue to follow the Epidemiology of Diabetes Interventions and Complications (EDIC) cohort through a…",adversarial,,,,,,,,,,
g109,4b4fa146-0219-4ceb-919a-6afcfc00d64a,Ari B Molofsky,Animal-model research,preclinical,Type 2 lymphocytes restrict type 3 lymphocytes during liver fibrosis and colocalize in fibroblast niches. | Dynamic fibroblast-immune interactions shape recovery after brain injury. | Distinct early and late programs of fibroblast - immune crosstalk govern functional responses to brain injury (1R01AI180438-01A1 · FY2024 · R01),b55ccd33-05ad-4145-8fc9-0d3ca555df94,RFA-DC-25-003,Cooperative Agreement for In Vivo High-Resolution Imaging for Inner Ear Visualization (U01 Clinical Trial Required),Clinical Trial Required,clinical,"This funding opportunity aims to support high risk clinical trials for the development of in vivo high-resolution structural and functional imaging technologies for the living human inner ear. Proposed projects should focus on improving the resolution of current imaging techniques or developing new imaging techniques that can visualize inner ear structures in vivo with significantly greater detail and accuracy than currently possible. Structural and functional aspects, including visualizing dynamic elements, are important to developing new and improved techniques. Projects may also focus on…",adversarial,,,,,,,,,,
g110,0b7090a9-22c6-42b9-a5d6-95d47b935a42,Clifford A Lowell,Animal-model research,preclinical,"Gain-of-function mutation in SKAP2 leads to type 1 diabetes and broader autoimmunity through hyperactive integrin signaling in myeloid cells. | UCSF Profiles narrative (prior — reliability 0.6, never counted as a source) | Neutrophil-specific deletion of Syk results in recruitment-independent stabilization of the barrier and a long-term improvement in cognitive function after traumatic injury to the developing brain.",2255a46d-c8b7-47cd-a1a4-c60a4541eade,RFA-DK-27-112,Single Source for the Continuation of the Epidemiology of Diabetes Interventions and Complications (EDIC) Study Research Center (Collaborative U01 Clinical Trial Not Allowed),Clinical Trial Not Allowed,clinical,"This is a Notice of Funding Opportunity (NOFO) for a Single Source that will invite an application from the eligible organization to apply. Please see Section III. Eligibility for additional information. In accordance with NIH standard peer-review processes, applications will be peer-reviewed, and only meritorious applications will be considered for funding. Through this NOFO, the National institute of Diabetes and Digestive and Kidney Diseases (NIDDK) invites an application to continue to follow the Epidemiology of Diabetes Interventions and Complications (EDIC) cohort through a…",adversarial,,,,,,,,,,
g111,d2a797a7-04e1-4206-bfd5-059e109beb16,Rachel L Rutishauser,Translational,translational,Recapitulating the qualities of HIV-specific CD8 + T cells from spontaneous controllers. | Correlates of HIV-1 control after combination immunotherapy. | Generating and measuring effective vaccine-elicited HIV-specific CD8 + T cell responses.,e6d15fed-92e7-425c-816e-564bdaadcabe,PAR-25-068,"Pilot Studies of Biological, Behavioral and Social Mechanisms Contributing to HIV Pathogenesis Within the Mission of NIDDK (R21 Clinical Trial Not Allowed)",Clinical Trial Not Allowed,discovery,"This Notice of Funding Opportunity (NOFO) invites applications for innovative basic and translational pilot research projects within the mission of NIDDK that are aligned with NIH HIV/AIDS research priorities. These priorities were most recently outlined by the NIH Office of AIDS Research (OAR) in NOT-OD-20-018, UPDATE: NIH HIV/AIDS Research Priorities and Guidelines for Determining HIV/AIDS Funding. Potential topics could address multiple overarching priorities. These include elucidation of unique pathophysiological mechanisms contributing to HIV comorbidities, coinfections, and…",adversarial,,,,,,,,,,
g112,3064c65a-dbe8-41be-8d71-27adf5efda73,Peng He,Translational,translational,A human embryonic limb cell atlas resolved in space and time. | A human fetal lung cell atlas uncovers proximal-distal gradients of differentiation and key regulators of epithelial fates. | A novel human fetal lung-derived alveolar organoid model reveals mechanisms of surfactant protein C maturation relevant to interstitial lung disease.,e8bd7afe-9bbc-4403-8947-012fcfa77388,RFA-NS-27-002,BRAIN Initiative: Integrative Team-Research BRAIN Circuits Program - iBCP (RM1 Clinical Trial Not Allowed),Clinical Trial Not Allowed,discovery,"This Notice of Funding Opportunity (NOFO) supports transdisciplinary research teams seeking to develop mechanistic, biologically grounded explanations of how neural circuits and their cellular building blocks give rise to central nervous system (CNS) function. Teams must integrate expertise spanning molecular and cellular through systems neuroscience, with strong collaboration between experimental and computational investigators, to bridge cells, circuits, and behavior in a unified framework that yields mechanistic insight. Applications must explicitly connect three core elements: (1)…",adversarial,,,,,,,,,,
g113,3064c65a-dbe8-41be-8d71-27adf5efda73,Peng He,Translational,translational,A human embryonic limb cell atlas resolved in space and time. | A human fetal lung cell atlas uncovers proximal-distal gradients of differentiation and key regulators of epithelial fates. | A novel human fetal lung-derived alveolar organoid model reveals mechanisms of surfactant protein C maturation relevant to interstitial lung disease.,5fda7616-99f5-40d4-abab-d5db4df5326b,PAR-25-037,Cellular and Molecular Biology of Complex Brain Disorders (R21 Clinical Trial Not Allowed),Clinical Trial Not Allowed,discovery,"This Notice of Funding Opportunity (NOFO) encourages research on the biology of high confidence risk factors associated with complex brain disorders, with a focus on the intracellular, transcellular and circuit substrates of neural function. For the purposes of this NOFO , the term ""complex"" can refer to a multifactorial contribution to risk (e.g., polygenic and/or environmental) and/or highly distributed functional features of the brain disorder. Studies may be either hypothesis-generating (unbiased discovery) or hypothesis-testing in design and may utilize in vivo, in situ, or in vitro…",adversarial,,,,,,,,,,
g114,3064c65a-dbe8-41be-8d71-27adf5efda73,Peng He,Translational,translational,A human embryonic limb cell atlas resolved in space and time. | A human fetal lung cell atlas uncovers proximal-distal gradients of differentiation and key regulators of epithelial fates. | A novel human fetal lung-derived alveolar organoid model reveals mechanisms of surfactant protein C maturation relevant to interstitial lung disease.,d3b5104e-6de9-42ea-9a5f-7339c7a13c9d,PAR-25-273,Development of Animal Models and Related Biological Materials for Research (R21 Clinical Trial Not Allowed),Clinical Trial Not Allowed,preclinical,"This notice of funding opportunity (NOFO) encourages innovative research to develop, improve, characterize, and preserve animal models as well as animal model related biological materials, technologies, and new approach methodologies (NAMs) for studies relevant to human health and disease. This NOFO also seeks projects aimed at improving the diagnosis and control of diseases that could confound or interfere with animal use in biomedical research. The proposed project must have broad applicability to multiple NIH Institutes or Centers (ICs) to align with the NIH-wide mission of the Office of…",adversarial,,,,,,,,,,
g115,04e59cf5-600a-462c-91bc-b2b97f122c3d,Kole T Roybal,Translational,translational,Synthetic Hybrid Receptors for Safer and Programmable T Cell Therapy. | Engineered receptors for soluble cellular communication and disease sensing. | Naturally occurring T cell mutations enhance engineered T cell therapies.,9b388d28-2d01-489e-b5be-d6b85978efe9,PAR-25-442,Expanding the Target Landscape by Drugging the Undruggable (R21 Clinical Trial Not Allowed),Clinical Trial Not Allowed,preclinical,The purpose of this Notice of Funding Opportunity (NOFO) is to solicit applications for exploratory and early-stage projects that focus on undruggable target classes (targets that cannot be engaged with high affinity through conventional means) within intractable human disease. Applicants will identify a human disease relevant undruggable target class and develop a method or agent that is selective for one or more targets within that target class. This NOFO is intended to jumpstart research that demonstrates innovative strategies to modulate targets that cannot be addressed by established…,adversarial,,,,,,,,,,
g116,04e59cf5-600a-462c-91bc-b2b97f122c3d,Kole T Roybal,Translational,translational,Synthetic Hybrid Receptors for Safer and Programmable T Cell Therapy. | Engineered receptors for soluble cellular communication and disease sensing. | Naturally occurring T cell mutations enhance engineered T cell therapies.,87159b6a-abee-48bb-b648-d58086d5dff5,PAR-25-225,Innovation Grants to Nurture Initial Translational Efforts (IGNITE): Neurotherapeutic Agent Characterization and In vivo Efficacy Studies (R61/R33 Clinical Trial Not Allowed),Clinical Trial Not Allowed,preclinical,"This Notice of Funding Opportunity (NOFO) provides funding to conduct pharmacodynamic, pharmacokinetic, and in vivo efficacy studies to demonstrate that proposed therapeutic agent(s) have sufficient biological activity to warrant further development to treat neurological disorders that fall under the NINDS mission. Therapeutic agents include small molecules or biologics. This NOFO is part of a suite of Innovation Grants to Nurture Initial Translational Efforts (IGNITE).",adversarial,,,,,,,,,,
g117,46b632a0-c38c-4918-9b1a-c2dc1f7bc271,Bridget P Keenan,Translational,translational,Oral Toxicities of PSMA-Targeted Therapies: Mitigation Strategies and Translational Opportunities. | Combination LIGHT overexpression and checkpoint blockade disrupts the tumor immune environment impacting colorectal liver metastases. | Intratumoral heterogeneity and immunotherapy resistance: clinical implications.,82143570-7779-468f-90db-f3b45699f0a5,PAR-23-284,"Specialized Programs of Research Excellence (SPOREs) in Human Cancers for Years 2024, 2025, and 2026 (P50 Clinical Trial Required)",Clinical Trial Required,clinical,"Through this Notice of Funding Opportunity (NOFO), the National Cancer Institute (NCI) invites applications for P50 Research Center Grants for Specialized Programs of Research Excellence (SPORE). Based on the research proposed, applications may be jointly funded with the National Institute of Dental and Craniofacial Research (NIDCR). The program will fund P50 SPORE grants to support state-of-the-art investigator-initiated translational research that will contribute to improved prevention, early detection, diagnosis, and treatment of an organ-specific cancer or a related group of cancers. For…",adversarial,,,,,,,,,,
g118,46b632a0-c38c-4918-9b1a-c2dc1f7bc271,Bridget P Keenan,Translational,translational,Oral Toxicities of PSMA-Targeted Therapies: Mitigation Strategies and Translational Opportunities. | Combination LIGHT overexpression and checkpoint blockade disrupts the tumor immune environment impacting colorectal liver metastases. | Intratumoral heterogeneity and immunotherapy resistance: clinical implications.,259ccbd8-13da-4675-82e3-34501035d256,PAR-25-081,National Cancer Institute's Investigator-Initiated Early Phase Clinical Trials for Cancer Treatment and Diagnosis (R01 Clinical Trial Required),Clinical Trial Required,clinical,"Through this Notice of Funding Opportunity (NOFO), the National Cancer Institute (NCI) is soliciting research projects that implement early phase (Phase 0, I, and II) investigator-initiated clinical trials focused on cancer-targeted diagnostic and therapeutic interventions of direct relevance to the research mission of DCTD and OHAM. The proposed project must involve at least 1 clinical trial related to the scientific interests of one or more of the following research programs: Cancer Therapy Evaluation Program, Cancer Imaging Program, Cancer Diagnosis Program, Radiation Research Program,…",adversarial,,,,,,,,,,
g119,04e59cf5-600a-462c-91bc-b2b97f122c3d,Kole T Roybal,Translational,translational,Synthetic Hybrid Receptors for Safer and Programmable T Cell Therapy. | Engineered receptors for soluble cellular communication and disease sensing. | Naturally occurring T cell mutations enhance engineered T cell therapies.,9ef1380d-5f0f-4423-8084-1fc3071fc8f9,PAR-24-293,Blueprint Neurotherapeutics Network (BPN): Biologic-based Drug Discovery and Development for Disorders of the Nervous System (UG3/UH3 Clinical Trial Optional),Clinical Trial Optional,clinical,"The purpose of this Notice of Funding Opportunity (NOFO) is to provide funding, resources, and expertise to accelerate the development of diverse biotherapeutic modalities — including but not limited to antibodies, peptides, proteins, oligonucleotides, gene therapies, cell therapies, and other emerging therapeutic modalities — for the treatment of nervous and neuromuscular system disorders. The Blueprint Neurotherapeutics Network for Biologics (BPN Biologics) program provides support for biologics-based therapy discovery and development activities from lead optimization through…",adversarial,,,,,,,,,,
g120,a1d6a1d3-c8c5-46b3-a2fa-b87cdc276c36,Michelle L Hermiston,Translational,translational,How I treat newly diagnosed and refractory T-cell acute lymphoblastic lymphoma in children and young adults. | Challenging T-ALL to IL-7Rp dual inhibition. | A maelstrom of migrating monocytes drives neurodegeneration.,7738100f-41f8-4f8e-9f26-07b2055653bf,PAR-27-071,Discovery of the Genetic Basis of Childhood Cancers and of Congenital Anomalies: Gabriella Miller Kids First Pediatric Research Program (X01 Clinical Trial Not Allowed),Clinical Trial Not Allowed,population,"As part of the Gabriella Miller Kids First Pediatric Research Program (Kids First Program), the NIH invites applications to submit samples from pediatric cohorts for whole genome sequencing at a Kids First Program supported genomic data generating centers. Applicants are encouraged to propose sequencing of existing pediatric cancer or congenital anomaly cohorts to elucidate the genetic contribution (somatic and/or germline) to childhood cancers, to investigate the genetic etiology of congenital anomalies, to study the molecular basis of the associations between congenital anomalies and…",adversarial,,,,,,,,,,
g121,f9277779-7686-4966-a0ee-20d31ac0dd0e,Matthew F Krummel,Translational,translational,Local gene editing of fibroblasts in tumors reveals a new cancer-associated fibroblast state. | Differential assembly of mouse and human tumor microenvironments. | Targeting CD206+ macrophages disrupts the establishment of a key antitumor immune axis.,ac421de0-5e48-4af6-aac4-9ed32d09e227,PAR-25-096,Secondary Analysis and Integration of Existing Data to Elucidate Cancer Risk and Related Outcomes (R21 Clinical Trials Not Allowed),Clinical Trial Not Allowed,population,"Through this Notice of Funding Opportunity (NOFO), the National Cancer Institute (NCI) along with other participating Institutes encourages submission of applications proposing to conduct secondary data analysis and integration of existing datasets and database resources, with the ultimate aim to elucidate cancer risk and related outcomes (e.g., risk prediction or reduction, survival, or response to treatment, etc.). The goal of this initiative is to address key scientific questions relevant to cancer by supporting the analysis of existing clinical, environmental, surveillance, health…",adversarial,,,,,,,,,,
g122,46b632a0-c38c-4918-9b1a-c2dc1f7bc271,Bridget P Keenan,Translational,translational,Oral Toxicities of PSMA-Targeted Therapies: Mitigation Strategies and Translational Opportunities. | Combination LIGHT overexpression and checkpoint blockade disrupts the tumor immune environment impacting colorectal liver metastases. | Intratumoral heterogeneity and immunotherapy resistance: clinical implications.,ac421de0-5e48-4af6-aac4-9ed32d09e227,PAR-25-096,Secondary Analysis and Integration of Existing Data to Elucidate Cancer Risk and Related Outcomes (R21 Clinical Trials Not Allowed),Clinical Trial Not Allowed,population,"Through this Notice of Funding Opportunity (NOFO), the National Cancer Institute (NCI) along with other participating Institutes encourages submission of applications proposing to conduct secondary data analysis and integration of existing datasets and database resources, with the ultimate aim to elucidate cancer risk and related outcomes (e.g., risk prediction or reduction, survival, or response to treatment, etc.). The goal of this initiative is to address key scientific questions relevant to cancer by supporting the analysis of existing clinical, environmental, surveillance, health…",adversarial,,,,,,,,,,
g123,95effb4f-2266-434a-8a2c-897d9fcea97a,Synthia H Mellon,Human biospecimen / translational human biology,translational,Circulating cell-free mitochondrial DNA levels and glucocorticoid sensitivity in a cohort of male veterans with and without combat-related PTSD. | Kynurenine Metabolism is Associated with Antidepressant Response to Selective Serotonin Reuptake Inhibitors. | Low serum brain-derived neurotrophic factor is associated with suicidal ideation in major depressive disorder.,026513f8-5ecb-4d73-8b51-8c6bf73ff8a9,PAR-25-310,Accelerating Solutions to Improve Access and Quality of Empirically-Supported Practices for Youth Mental Health (R01 Clinical Trial Optional),Clinical Trial Optional,health_systems,"This notice of funding opportunity (NOFO) is a call to action in response to the youth mental health crisis in the United States. NIMH seeks applications that will study methods to increase access to, and quality of, empirically-supported practices for youth mental health. Applications may address research related to: optimizing assessment, intervention and service strategies; overcoming challenges related to workforce shortages and waitlists for treatment; integration of treatment and preventive interventions into settings where youth are most likely to be identified as needing care (e.g.,…",adversarial,,,,,,,,,,
g124,822ef3ae-100f-4273-82dd-41f68b85c283,Owen M Wolkowitz,Human biospecimen / translational human biology,translational,"Shorter telomere length predicts poor antidepressant response and poorer cardiometabolic indices in major depression. | ""GrimAge,"" an epigenetic predictor of mortality, is accelerated in major depressive disorder. | Kynurenine Metabolism is Associated with Antidepressant Response to Selective Serotonin Reuptake Inhibitors.",026513f8-5ecb-4d73-8b51-8c6bf73ff8a9,PAR-25-310,Accelerating Solutions to Improve Access and Quality of Empirically-Supported Practices for Youth Mental Health (R01 Clinical Trial Optional),Clinical Trial Optional,health_systems,"This notice of funding opportunity (NOFO) is a call to action in response to the youth mental health crisis in the United States. NIMH seeks applications that will study methods to increase access to, and quality of, empirically-supported practices for youth mental health. Applications may address research related to: optimizing assessment, intervention and service strategies; overcoming challenges related to workforce shortages and waitlists for treatment; integration of treatment and preventive interventions into settings where youth are most likely to be identified as needing care (e.g.,…",adversarial,,,,,,,,,,
g125,8d43344a-6037-4ad0-9d2f-7058255b389d,Adrian Erlebacher,Translational,translational,"Circumvention of luteolysis reveals parturition pathways in mice dependent upon innate type 2 immunity. | Gene silencing by EZH2 suppresses TGF-β activity within the decidua to avert pregnancy-adverse wound healing at the maternal-fetal interface. | Trophoblast antigens, fetal blood cell antigens, and the paradox of fetomaternal tolerance.",1282d132-aea7-4226-b75b-4f463dc123de,RFA-DC-26-001,Early-Stage Dissemination and Implementation Research in Communication Disorders (R21 Clinical Trial Optional),Clinical Trial Optional,health_systems,"NIDCD invites applications for early-stage dissemination and implementation (D&I) research projects (e.g., during development and evaluation of the evidence-based innovation, EBI) in the NIDCD mission areas of hearing, balance, taste, smell, voice, speech, and language.",adversarial,,,,,,,,,,
g126,cf61b707-8905-4dcb-9af0-4a6ba92d0976,Prescott G Woodruff,Clinical observational,clinical,Phenotypes and Trajectories of Tobacco-exposed Persons with Preserved Spirometry: Insights from Lung Volumes. | Longitudinal Follow-Up of Participants With Tobacco Exposure and Preserved Spirometry. | A Quantitative Lung Mucin Score to Identify Chronic Bronchitis.,803a9b60-5c51-46a4-915c-32af964dc9b7,PAR-25-447,"NHLBI TOPMed: Omics Phenotypes of Heart, Lung, and Blood Disorders (X01 - Clinical Trial Not Allowed)",Clinical Trial Not Allowed,discovery,"This Notice of Funding Opportunity (NOFO) invites applications to use NHLBI-funded TransOmics for Precision Medicine (TOPMed) program to access TOPMed capacity to generate a large volume of integrated genetic and multi-omics data to facilitate discovery of the molecular mechanisms of Heart, Lung, Blood, and Sleep (HLBS) disorders. No funding will be provided under this NOFO. The genomic data and related phenotypic data will be deposited in a public NIH-designated controlled-access database such as the database for Genotypes and Phenotypes (dbGaP) and NHLBI's BioData Catalyst (BDC). The…",adversarial,,,,,,,,,,
g127,31c0e2c5-6af5-4861-8c7f-29e8ce493f7c,Jennifer M Puck,Clinical observational,clinical,Neurodevelopmental outcomes following hematopoietic cell transplantation for patients with severe combined immunodeficiency (SCID): A PIDTC study. | The diagnosis of severe combined immunodeficiency: Implementation of the PIDTC 2022 Definitions. | Outcomes following matched sibling donor transplantation for severe combined immunodeficiency: a report from the PIDTC.,d40cae3b-c777-425a-a24e-ea9dc9ea9fc3,PAR-25-185,Screening and Functional Validation of Genomic Variants Associated with Human Congenital Anomalies (R01 Clinical Trial Not Allowed),Clinical Trial Not Allowed,discovery,"Rapid advances in genotyping and next generation sequencing technologies have led to the identification of genetic variants that are associated with a wide variety of congenital defects including structural congenital anomalies (SCAs), intellectual developmental disabilities (IDDs) and inborn errors of metabolism (IEMs). Large quantities of genomic data collected from pediatric congenital anomalies cohorts are available to the research community through several databases such as the Database of Genotypes and Phenotypes (dbGaP), the Gabriella Miller Kids First Data Resource Portal, the…",adversarial,,,,,,,,,,
g128,31c0e2c5-6af5-4861-8c7f-29e8ce493f7c,Jennifer M Puck,Clinical observational,clinical,Neurodevelopmental outcomes following hematopoietic cell transplantation for patients with severe combined immunodeficiency (SCID): A PIDTC study. | The diagnosis of severe combined immunodeficiency: Implementation of the PIDTC 2022 Definitions. | Outcomes following matched sibling donor transplantation for severe combined immunodeficiency: a report from the PIDTC.,b0f166c7-b28c-41f7-8091-b644a5d9743e,PAR-25-265,Innovative Screening Approaches and Therapies for Screenable Disorders in Newborns (R01 - Clinical Trial Optional),Clinical Trial Optional,discovery,"This NOFO encourages research relevant to the development of novel screening approaches and/or therapeutic interventions for conditions for which newborn screening has already been implemented, as well as for potentially fatal or disabling genetic conditions that could benefit in the near future from the early detection made possible by newborn screening. This research is especially critical given that accurate screening tests and demonstrable benefits of early intervention are often prerequisites for new conditions to be added to newborn screening panels.",adversarial,,,,,,,,,,
g129,b7df095b-3f23-4a47-93a7-d9e8d86b828f,Jacob S Young,Clinical observational,clinical,Impact of Postoperative Diffuse-Weighted Imaging Rim Restriction on Neurological Outcomes After Resection of Newly Diagnosed Isocitrate Dehydrogenase-Wildtype Glioblastoma. | Management of glioma-associated epilepsy in the molecular era: a review of the literature and an institutional experience. | Maximum safe resection of insular gliomas: update on surgical outcomes from 500 cases.,87159b6a-abee-48bb-b648-d58086d5dff5,PAR-25-225,Innovation Grants to Nurture Initial Translational Efforts (IGNITE): Neurotherapeutic Agent Characterization and In vivo Efficacy Studies (R61/R33 Clinical Trial Not Allowed),Clinical Trial Not Allowed,preclinical,"This Notice of Funding Opportunity (NOFO) provides funding to conduct pharmacodynamic, pharmacokinetic, and in vivo efficacy studies to demonstrate that proposed therapeutic agent(s) have sufficient biological activity to warrant further development to treat neurological disorders that fall under the NINDS mission. Therapeutic agents include small molecules or biologics. This NOFO is part of a suite of Innovation Grants to Nurture Initial Translational Efforts (IGNITE).",adversarial,,,,,,,,,,
g130,b7df095b-3f23-4a47-93a7-d9e8d86b828f,Jacob S Young,Clinical observational,clinical,Impact of Postoperative Diffuse-Weighted Imaging Rim Restriction on Neurological Outcomes After Resection of Newly Diagnosed Isocitrate Dehydrogenase-Wildtype Glioblastoma. | Management of glioma-associated epilepsy in the molecular era: a review of the literature and an institutional experience. | Maximum safe resection of insular gliomas: update on surgical outcomes from 500 cases.,06640298-030b-47c2-affc-311f9060cc3f,RFA-TR-25-002,Preclinical Proof of Concept Studies for Rare Diseases (R21 Clinical Trial Not Allowed),Clinical Trial Not Allowed,preclinical,"This notice of funding opportunity (NOFO) provides funding to conduct efficacy studies in an established rare disease preclinical model to demonstrate that a proposed therapeutic agent warrants further development. In addition to preclinical efficacy, accompanying pharmacodynamic and pharmacokinetic studies would be supported. Therapeutic agents include small molecules, biologics or biotechnology-derived products. The goal of this NOFO is to spur therapeutic development for a variety of rare diseases by advancing projects to the point where they would attract subsequent investment supporting…",adversarial,,,,,,,,,,
g131,31c0e2c5-6af5-4861-8c7f-29e8ce493f7c,Jennifer M Puck,Clinical observational,clinical,Neurodevelopmental outcomes following hematopoietic cell transplantation for patients with severe combined immunodeficiency (SCID): A PIDTC study. | The diagnosis of severe combined immunodeficiency: Implementation of the PIDTC 2022 Definitions. | Outcomes following matched sibling donor transplantation for severe combined immunodeficiency: a report from the PIDTC.,06640298-030b-47c2-affc-311f9060cc3f,RFA-TR-25-002,Preclinical Proof of Concept Studies for Rare Diseases (R21 Clinical Trial Not Allowed),Clinical Trial Not Allowed,preclinical,"This notice of funding opportunity (NOFO) provides funding to conduct efficacy studies in an established rare disease preclinical model to demonstrate that a proposed therapeutic agent warrants further development. In addition to preclinical efficacy, accompanying pharmacodynamic and pharmacokinetic studies would be supported. Therapeutic agents include small molecules, biologics or biotechnology-derived products. The goal of this NOFO is to spur therapeutic development for a variety of rare diseases by advancing projects to the point where they would attract subsequent investment supporting…",adversarial,,,,,,,,,,
g132,b7df095b-3f23-4a47-93a7-d9e8d86b828f,Jacob S Young,Clinical observational,clinical,Impact of Postoperative Diffuse-Weighted Imaging Rim Restriction on Neurological Outcomes After Resection of Newly Diagnosed Isocitrate Dehydrogenase-Wildtype Glioblastoma. | Management of glioma-associated epilepsy in the molecular era: a review of the literature and an institutional experience. | Maximum safe resection of insular gliomas: update on surgical outcomes from 500 cases.,840a60f5-2c2f-45bf-8335-ce7e7dda2f3f,RFA-CA-27-005,Glioblastoma Therapeutics Network (GTN) (U19 Clinical Trial Required),Clinical Trial Required,translational,"The overall goal of this Notice of Funding Opportunity (NOFO) is to improve the treatment of adult Glioblastoma Multiforme (GBM) by developing novel effective agents that can cross the blood brain barrier (BBB) and testing them in the clinic. To implement this initiative, multi-institutional teams are invited to participate in the Glioblastoma Therapeutics Network (GTN). Each GTN team is expected to drive therapeutic agent(s) from late pre-clinical development, through IND studies, into pilot clinical studies in humans. Successful early-stage trials of these new drugs would transition…",adversarial,,,,,,,,,,
g133,a60d006a-ed8b-48c8-b9fd-d783c22affc9,Elena G Nedelcu,Clinical observational,clinical,History matters: Preventing severe allergic transfusion reactions. | A Single-Center Description of Pediatric Transfusion Reactions and Preventable Patient Harm. | Optimized strategy to mitigate daratumumab interference in blood bank testing: Reducing cost and time.,480199bb-b422-4915-88a8-effb00dcad71,PAR-25-325,Integrating Biospecimen Science Approaches into Clinical Assay Development (U01 Clinical Trial Not Allowed),Clinical Trial Not Allowed,translational,"Through this Notice of Funding Opportunity (NOFO), the National Cancer Institute (NCI) intends to support extramural research to investigate and mitigate challenges in clinical assay development and subsequent analytical validation due to preanalytical variability in tumor tissue biopsies, blood biospecimens utilized as ""liquid biopsies"", or other biospecimens as described in this NOFO. Extramural research funded under this NOFO may include investigations of preanalytical variability associated with the procurement and study of small biopsies (core biopsies, small excision samples), blood…",adversarial,,,,,,,,,,
g134,cf221f73-5713-4ed0-b50c-b5ab4a2e3a36,Aric A Prather,Clinical observational,clinical,Racial Group Differences in NREM Sleep Physiology Contribute to Memory Vulnerability. | Disturbed sleep after lung transplantation is associated with worse patient-reported outcomes and chronic lung allograft dysfunction. | Disturbed sleep after lung transplantation is associated with worse patient-reported outcomes and chronic lung allograft dysfunction.,e75e24d6-73b7-4982-b29e-5fbc8fcf2c72,PAR-25-182,Development of Psychosocial Therapeutic and Preventive Interventions for Mental Disorders (R61/R33 Clinical Trial Required),Clinical Trial Required,translational,"NIMH solicits clinical trial applications through a series of notice of funding opportunities (NOFOs) that cover the intervention development pipeline, from first-inhuman, early testing of new interventions, confirmatory efficacy trials, through to effectiveness trials The purpose of this NOFO is to encourage pilot research developing and testing innovative psychosocial intervention approaches in which the target and/or intervention strategy is novel. Consistent with NIMH's experimental therapeutics approach, this NOFO is intended to speed the translation of emergent research on mechanisms…",adversarial,,,,,,,,,,
g135,ccf4941f-dd11-4848-a1d9-8ac09f0ebe30,Michele M Tana,Clinical observational,clinical,"Utility and impact of magnetic resonance elastography in the clinical course and management of chronic liver disease. | UCSF Profiles narrative (prior — reliability 0.6, never counted as a source) | Clinical Outcomes Following a Patient-Centered Educational Intervention on Steatotic Liver Disease: A Comparison of Patients With and Without Diabetes.",89ae84e8-8cc9-488e-9d97-e47970567457,PAR-25-299,Interventions to Address Disparities in Liver Diseases and Liver Cancer (R01 - Clinical Trials Optional),Clinical Trial Optional,population,This initiative will support multi-level and/or multi-domain intervention research to reduce disparities in liver diseases and liver cancer among populations who experience health disparities in the United States (U.S.).,adversarial,,,,,,,,,,
g136,ccf4941f-dd11-4848-a1d9-8ac09f0ebe30,Michele M Tana,Clinical observational,clinical,"Utility and impact of magnetic resonance elastography in the clinical course and management of chronic liver disease. | UCSF Profiles narrative (prior — reliability 0.6, never counted as a source) | Clinical Outcomes Following a Patient-Centered Educational Intervention on Steatotic Liver Disease: A Comparison of Patients With and Without Diabetes.",f32a4253-34ea-404f-866a-aec02efe453a,PAR-25-221,Population Approaches to Reducing Alcohol-related Cancer Risk (R01 Clinical Trial Optional),Clinical Trial Optional,population,"This Notice of Funding Opportunity (NOFO) aims to support research on interdisciplinary population approaches to increasing awareness of the relationship between alcohol and cancer risk, understanding and changing social norms related to alcohol consumption, developing and/or evaluating alcohol policy approaches, and the development, testing, and implementation of population-level interventions to reduce alcohol-related cancer risk. Applications that address multiple levels of consumption, such as moderate and heavy drinking, are of particular interest, as well as those focusing on alcohol…",adversarial,,,,,,,,,,
g137,a60d006a-ed8b-48c8-b9fd-d783c22affc9,Elena G Nedelcu,Clinical observational,clinical,History matters: Preventing severe allergic transfusion reactions. | A Single-Center Description of Pediatric Transfusion Reactions and Preventable Patient Harm. | Optimized strategy to mitigate daratumumab interference in blood bank testing: Reducing cost and time.,7738100f-41f8-4f8e-9f26-07b2055653bf,PAR-27-071,Discovery of the Genetic Basis of Childhood Cancers and of Congenital Anomalies: Gabriella Miller Kids First Pediatric Research Program (X01 Clinical Trial Not Allowed),Clinical Trial Not Allowed,population,"As part of the Gabriella Miller Kids First Pediatric Research Program (Kids First Program), the NIH invites applications to submit samples from pediatric cohorts for whole genome sequencing at a Kids First Program supported genomic data generating centers. Applicants are encouraged to propose sequencing of existing pediatric cancer or congenital anomaly cohorts to elucidate the genetic contribution (somatic and/or germline) to childhood cancers, to investigate the genetic etiology of congenital anomalies, to study the molecular basis of the associations between congenital anomalies and…",adversarial,,,,,,,,,,
g138,ccf4941f-dd11-4848-a1d9-8ac09f0ebe30,Michele M Tana,Clinical observational,clinical,"Utility and impact of magnetic resonance elastography in the clinical course and management of chronic liver disease. | UCSF Profiles narrative (prior — reliability 0.6, never counted as a source) | Clinical Outcomes Following a Patient-Centered Educational Intervention on Steatotic Liver Disease: A Comparison of Patients With and Without Diabetes.",f8f05bbb-ced2-4329-a12f-30b98a3b3fba,PAR-24-273,Advancing Healthcare for Older Adults from Populations that Experience Health Disparities (R01 - Clinical Trial Optional),Clinical Trial Optional,health_systems,"The purpose of this initiative is to advance the science and implementation of innovative multi-level health care research for older adults from populations that experience health disparities. The initiative will support research designed to (1) gain a better understanding of appropriate screening, diagnostic, and clinical care guidelines in a primary care setting, (2) explore shared decision-making that is needed to enhance care planning and patient agency between clinicians and care teams with the older adult and their caregiver(s), and (3) identify effective strategies for care…",adversarial,,,,,,,,,,
g139,cf221f73-5713-4ed0-b50c-b5ab4a2e3a36,Aric A Prather,Clinical observational,clinical,Racial Group Differences in NREM Sleep Physiology Contribute to Memory Vulnerability. | Disturbed sleep after lung transplantation is associated with worse patient-reported outcomes and chronic lung allograft dysfunction. | Disturbed sleep after lung transplantation is associated with worse patient-reported outcomes and chronic lung allograft dysfunction.,026513f8-5ecb-4d73-8b51-8c6bf73ff8a9,PAR-25-310,Accelerating Solutions to Improve Access and Quality of Empirically-Supported Practices for Youth Mental Health (R01 Clinical Trial Optional),Clinical Trial Optional,health_systems,"This notice of funding opportunity (NOFO) is a call to action in response to the youth mental health crisis in the United States. NIMH seeks applications that will study methods to increase access to, and quality of, empirically-supported practices for youth mental health. Applications may address research related to: optimizing assessment, intervention and service strategies; overcoming challenges related to workforce shortages and waitlists for treatment; integration of treatment and preventive interventions into settings where youth are most likely to be identified as needing care (e.g.,…",adversarial,,,,,,,,,,
g140,c72b5d76-8aee-4989-843f-a7b88a3eb5ab,Wilson Liao,Clinical observational,clinical,Risk of Cutaneous T Cell Lymphoma with Psoriasis Biologic Therapies. | Living with Psoriasis Vulgaris and Multi-Treatment Failure: A Patient and Dermatologist Perspective. | Ethnoracial representation in hidradenitis suppurativa clinical trials.,f8f05bbb-ced2-4329-a12f-30b98a3b3fba,PAR-24-273,Advancing Healthcare for Older Adults from Populations that Experience Health Disparities (R01 - Clinical Trial Optional),Clinical Trial Optional,health_systems,"The purpose of this initiative is to advance the science and implementation of innovative multi-level health care research for older adults from populations that experience health disparities. The initiative will support research designed to (1) gain a better understanding of appropriate screening, diagnostic, and clinical care guidelines in a primary care setting, (2) explore shared decision-making that is needed to enhance care planning and patient agency between clinicians and care teams with the older adult and their caregiver(s), and (3) identify effective strategies for care…",adversarial,,,,,,,,,,
g141,6c1ef252-fbe0-4d58-98e8-59c41d943851,Karl M Ansel,Molecular / cellular mechanistic,discovery,The lncRNA Malat1 Inhibits miR-15/16 to Enhance Cytotoxic T Cell Activation and Memory Cell Formation. | GCLiPP: global crosslinking and protein purification method for constructing high-resolution occupancy maps for RNA binding proteins. | Regulation of airway immunity by epithelial miRNAs.,5ad15c55-8bdd-4530-b6bd-eb107634e615,PAR-27-074,Limited Competition: Small Grant Program for Mentored Research Career Development Award Recipients (R03) (Clinical Trials Not Allowed),Clinical Trial Not Allowed,none,"The National Institute of Arthritis and Musculoskeletal and Skin Diseases (NIAMS) announces a program that provides NIAMS-supported K01, K08, K23, and K25 recipients the opportunity to apply for the Small Grant (R03) during the second to fourth year of their K award, as well as to provide support to recipients of significant career development awards from federal or non-federal organizations that are focused on the NIAMS' mission areas. Through this mechanism, which allows up to $50,000 direct costs per year for up to two years, the NIAMS is seeking to enhance the capability of scientists to…",random,,,,,,,,,,
g142,377f678d-3669-4a2e-a74b-afae07cdf6f0,Michael T McManus,Molecular / cellular mechanistic,discovery,Multiplexed perturbation enables scalable pooled screens. | Scalable imaging-based profiling of CRISPR perturbations with protein barcodes. | iSTAR Tregs (1U01DK137140-01 · FY2023 · U01),f99ed9ff-942a-495a-9669-2f3f21103ea3,PAR-24-128,Medical Scientist Training Program (MSTP) (T32),Clinical Trial Not Allowed,none,"The goal of the Medical Scientist Training Program (MSTP) is to develop a pool of well-trained clinician-scientist leaders available to address the nation's biomedical research needs. Specifically, this funding announcement provides support to eligible, domestic organizations to develop and implement effective, evidence-informed approaches to dual-degree training and mentoring that will keep pace with the rapid evolution of the biomedical research enterprise and lead to the completion of both a clinical degree (for example, M.D., D.O., D.V.M., D.D.S., Pharm.D., etc.) and a research doctorate…",random,,,,,,,,,,
g143,6c1ef252-fbe0-4d58-98e8-59c41d943851,Karl M Ansel,Molecular / cellular mechanistic,discovery,The lncRNA Malat1 Inhibits miR-15/16 to Enhance Cytotoxic T Cell Activation and Memory Cell Formation. | GCLiPP: global crosslinking and protein purification method for constructing high-resolution occupancy maps for RNA binding proteins. | Regulation of airway immunity by epithelial miRNAs.,f624a0b8-90b7-4272-b0aa-d40b2559dee6,PAR-27-083,NIAID Resource-Related Research Projects (R24 Clinical Trial Not Allowed),Clinical Trial Not Allowed,none,This notice of funding opportunity (NOFO) invites applications for investigator-initiated Resource-Related Research Projects (R24). The proposed resource must provide a significant benefit to currently funded high priority projects in need of further coordination and support in the areas specified. This mechanism may also be used to support development of a new resource to the broader scientific community of the National Institute of Allergy and Infectious Diseases (NIAID). It is anticipated that the request for resource support through the R24 activity code will occur on an infrequent basis…,random,,,,,,,,,,
g144,604d2746-e207-465a-a651-b3f8520b590f,Karin Pelka,Molecular / cellular mechanistic,discovery,Neighborhood nonnegative matrix factorization identifies patterns and spatially-variable genes in large-scale spatial transcriptomics data. | A spatial profiling-based immune hub perturbation platform to improve immunotherapy in colon cancer (1R37CA295736-01A1 · FY2025 · R37) | Dual checkpoint T(h1)eamwork makes the anti-cancer dream work.,d7818292-c5b2-460e-9bf3-286cf066996a,PAR-25-024,Development of Biomarkers or Composite Biomarkers for Neurological and Neuromuscular Disorders (R61/R33 - Clinical Trial Optional),Clinical Trial Optional,translational,"The purpose of this Notice of Funding Opportunity (NOFO) is to promote the development of fit-for-purpose candidate biomarkers and composite biomarker that enable more efficient clinical trials advance therapeutic development or clinical practice help guide clinical care decisions. Specifically, the goal of this phased funding mechanism is to first identify or confirm candidate biomarker(s) or biomarker signatures using human samples and/or data, followed by an independent retrospective or prospective clinical study to conduct initial clinical validation of the biomarker/signature's clinical…",random,,,,,,,,,,
g145,3526dfd0-6913-4daa-9eaa-9c478fc49a4e,Abul K Abbas,Animal-model research,preclinical,HARNESSING THE IMMUNE RESPONSE: BASIC PRINCIPLES AND THERAPEUTIC APPLICATIONS. | Cutting edge: Self-antigen controls the balance between effector and regulatory T cells in peripheral tissues. | Treg-Cell Control of a CXCL5-IL-17 Inflammatory Axis Promotes Hair-Follicle-Stem-Cell Differentiation During Skin-Barrier Repair.,b957febd-3104-45e8-a743-c7fc56195f29,PAR-27-011,Single-Site Investigator-Initiated Clinical Trials (R61/R33 Clinical Trial Required),Clinical Trial Required,clinical,"This Notice of Funding Opportunity (NOFO) supports applications to develop and conduct investigator-initiated single site clinical trials including efficacy, comparative effectiveness, pragmatic and/or dissemination and implementation science clinical trials. Trials using innovative designs such as platform trials, adaptive, and Bayesian designs are encouraged. These trials may include ones that test different therapeutic, behavioral, dissemination and implementation science clinical trials and/or prevention strategies. Trials for which this NOFO applies must be relevant to the research…",random,,,,,,,,,,
g146,2e0d35ce-9900-4d03-8973-abb186594cdd,Peter M Bruno,Molecular / cellular mechanistic,discovery,"High-throughput, targeted MHC class I immunopeptidomics using a functional genetics screening platform. | The primary mechanism of cytotoxicity of the chemotherapeutic agent CX-5461 is topoisomerase II poisoning. | A multi-subunit autophagic capture complex facilitates degradation of ER-stalled MHC class I in pancreatic cancer.",030c533a-8a20-443a-b10c-4b29898ba5fa,PAR-25-183,Early Stage Testing of Pharmacologic or Neuromodulatory Device-based Interventions for the Treatment of Mental Disorders (R33- Clinical Trial Required),Clinical Trial Required,clinical,"NIMH solicits clinical trial applications through a series of notice of funding opportunities (NOFOs) that cover the intervention development pipeline, from first-in-human, early testing of new interventions, confirmatory efficacy trials, through to effectiveness trials. The purpose of this NOFO is to support the early-stage testing of pharmacologic interventions with novel mechanisms of action or neuromodulatory device-based interventions for the treatment of symptoms or domains of altered functions in individuals with mental illness. Early intervention studies are also encouraged where…",random,,,,,,,,,,
g147,cf221f73-5713-4ed0-b50c-b5ab4a2e3a36,Aric A Prather,Clinical observational,clinical,Racial Group Differences in NREM Sleep Physiology Contribute to Memory Vulnerability. | Disturbed sleep after lung transplantation is associated with worse patient-reported outcomes and chronic lung allograft dysfunction. | Disturbed sleep after lung transplantation is associated with worse patient-reported outcomes and chronic lung allograft dysfunction.,93f4832f-1a42-40aa-80e5-56f2be27530b,PAR-24-330,Interventions to Reduce Sleep Health Disparities (R01 - Clinical Trials Optional),Clinical Trial Optional,clinical,"The purpose of this initiative is to support non-pharmacological interventions to promote sleep health, reduce sleep health disparities, and examine sleep as a modifiable factor to reduce disparities for other health outcomes among populations that experience health disparities.",random,,,,,,,,,,
g148,04e59cf5-600a-462c-91bc-b2b97f122c3d,Kole T Roybal,Translational,translational,Synthetic Hybrid Receptors for Safer and Programmable T Cell Therapy. | Engineered receptors for soluble cellular communication and disease sensing. | Naturally occurring T cell mutations enhance engineered T cell therapies.,b0ca3ac6-079d-49be-be82-dba20fbe08ff,PAR-27-012,Clinical Coordinating Center for Multi-Site Investigator-Initiated Clinical Trials (Collaborative UG3/UH3 Clinical Trial Required),Clinical Trial Required,clinical,"This Notice of Funding Opportunity (NOFO) supports applications to develop and conduct a Clinical Coordinating Center (CCC) for investigator-initiated multi-site clinical trials including efficacy, comparative effectiveness, pragmatic and/or dissemination and implementation science clinical trials. Trials using innovative designs such as platform trials, adaptive, and Bayesian designs are encouraged. These trials may include ones that test different therapeutic, behavioral, dissemination and implementation science clinical trials and/or prevention strategies.Trials for which this NOFO…",random,,,,,,,,,,
g149,139becf2-467a-478d-b373-71483f58ba30,Thomas Arnold,Molecular / cellular mechanistic,discovery,Structure-guiding tools to study the role of choline in the development of congenital hydrocephalus (1R01NS142590-01 · FY2025 · R01) | Targeting aVb8 integrin to restore astrocyte-microglia crosstalk to treat Alzheimer's disease (1R41AG092194-01A1 · FY2025 · R41) | Temporal and Spatial Gene Expression Dynamics in Neonatal HI Hippocampus with Focus on Arginase.,344d416e-db96-4f9f-b685-84fad7e070a7,PAR-25-025,NHLBI Early Phase Clinical Trials for Therapeutics and/or Diagnostics for HLBS Disorders (R33 CT Required),Clinical Trial Required,translational,"The objective of this Notice of Funding Opportunity (NOFO) is to support investigator-initiated, Phase 1 clinical trials for diagnostic and therapeutic interventions for heart, lung, blood, and sleep (HLBS) disorders in adults and children. The proposed trial can be single or multi-site. Applicants applying for funding under this NOFO should be ready to initiate the clinical trial within the first quarter of the project period. Discussion, submission, and attainment of applicable regulatory (FDA, DSMB, IRB) approvals, and establishment of drug (and placebo, if applicable) supplies, and any…",random,,,,,,,,,,
g150,7c97da80-0237-4a11-87ea-54dd8a892923,Alexander Marson,Molecular / cellular mechanistic,discovery,Integrated epigenetic and genetic programming of primary human T cells. | FOXP3 expression depends on cell-type-specific cis-regulatory elements and transcription factor circuitry. | Causal modelling of gene effects from regulators to programs to traits.,8d5bbdf0-55b0-4125-a94c-56e5e7a8d4c8,RFA-MH-26-170,BRAIN Initiative: Development and Validation of Novel Tools to Probe Cell-Specific and Circuit-Specific Processes in the Brain (R01 Clinical Trial Not Allowed),Clinical Trial Not Allowed,cross_cutting,"The purpose of this Brain Research through Advancing Innovative Neurotechnologies® (BRAIN) Initiative is to encourage research that will develop and validate novel tools to facilitate the detailed analysis of complex circuits and provide insights into cellular interactions that underlie brain function. The new tools and technologies should inform and/or exploit cell-type and/or circuit-level specificity. Plans for validating the utility of the tool/technology will be an essential feature of a successful application. The development of new genetic and non-genetic tools for delivering genes,…",random,,,,,,,,,,
g151,001f7e5b-4cda-43ff-b12a-ec8dfe428e98,Art Weiss,Molecular / cellular mechanistic,discovery,"Peeking Into the Black Box of T Cell Receptor Signaling. | The phosphatidylinositol-transfer protein Nir3 promotes PI(4,5)P(2) replenishment in response to TCR signaling during T cell development and survival. | Cold Spring Harbor Laboratory 2022: emerging insights and viewpoints in immunology.",390cdc7e-a7ac-4019-a9e1-37eee7b23f09,PAR-27-051,NIH Brain Development Cohorts (NBDC) and Population Assessment of Tobacco and Health (PATH) Study Biospecimen Access (X01 Clinical Trial Not Allowed),Clinical Trial Not Allowed,none,"The National Institutes of Health seek to advance their mission by providing the scientific community with the opportunity to request access to biospecimens from the Adolescent Brain Cognitive DevelopmentSM (ABCD) Study, the HEALthy Brain and Child Development (HBCD) Study, and the Population Assessment of Tobacco and Health (PATH) Study to conduct research consistent with the respective study objectives that will maximize the scientific utility of these limited samples. Applications should expand the knowledge gained from these studies and advance our understanding of the multiple genetic…",random,,,,,,,,,,
g152,a60d006a-ed8b-48c8-b9fd-d783c22affc9,Elena G Nedelcu,Clinical observational,clinical,History matters: Preventing severe allergic transfusion reactions. | A Single-Center Description of Pediatric Transfusion Reactions and Preventable Patient Harm. | Optimized strategy to mitigate daratumumab interference in blood bank testing: Reducing cost and time.,e270776c-b152-4039-9d9d-adebb2e2a89d,RFA-HL-26-019,Catalyze Product Definition  Medical Device prototype design/testing and disease target identification and assay development (R61/R33 - Clinical Trial Not Allowed),Clinical Trial Not Allowed,translational,"This Notice of Funding Opportunity (NOFO) will provide the early stage translational support needed to develop and test device prototype designs, identify diagnostic disease targets and develop associated assays, and develop research tools for use in the treatment of heart, lung, blood and sleep (HLBS) diseases and disorders. This NOFO is part of a suite of Catalyze innovation grants to advance projects to the point where they can meet the entry criteria for the NHLBI Catalyze Preclinical program or attract independent development support from other federal or private partners for…",random,,,,,,,,,,
g153,2ed11cbc-29c0-400a-b807-ebeea70f9c8e,Marlys S Fassett,Animal-model research,preclinical,Illuminating IL-31-producing cells in allergic skin disease (1R03AR082948-01 · FY2023 · R03) | IL-31-dependent neurogenic inflammation restrains cutaneous type 2 immune response in allergic dermatitis. | Identification of Functionally Relevant microRNAs in the Regulation of Allergic Inflammation.,81972290-c43a-4ebc-aa03-6549d90146ba,RFA-RM-27-012,PRIMED-AI: Data-to-Model Academic-Industrial Partnerships (D2M-AIP) for Precision Medicine with AI: Integrating Imaging with Multimodal Data (UG3/UH3 Clinical Trial Optional),Clinical Trial Optional,clinical,"The overarching goal of this notice of funding opportunity (NOFO) and its companion opportunities is to establish the Precision Medicine with AI: Integrating Imaging with Multimodal Data (PRIMED-AI) Program to support development of innovative, reliable, cost-effective, and sustainable multimodal AI-based clinical decision support (CDS) tools. PRIMED-AI CDS tools are based on the integration of clinical imaging with other types of multimodal health data to enhance care for patients with a wide range of health conditions. The PRIMED-AI Program seeks to catalyze the adoption of AI-based CDS…",random,,,,,,,,,,
g154,7078bc99-4980-44a9-a1e9-8126810c444b,Sergio E Baranzini,Molecular / cellular mechanistic,discovery,"Microbiome-derived metabolites from vitamin B2 and B9 pathways modulate MAIT cells from multiple sclerosis patients. | Inflammatory and neurodegenerative serum protein biomarkers increase sensitivity to detect clinical and radiographic disease activity in multiple sclerosis. | UCSF Profiles narrative (prior — reliability 0.6, never counted as a source)",6b872095-918e-44a2-bd81-b799662a7f7a,RFA-RM-27-013,"Model-to-Clinic (M2C) for Precision Medicine with AI: Integrating Imaging with Multimodal Data (PRIMED-AI) (UG3/UH3, Clinical Trial Optional)",Clinical Trial Optional,clinical,"The overarching goal of this notice of funding opportunity (NOFO) and its companion opportunities is to establish the Precision Medicine with AI: Integrating Imaging with Multimodal Data (PRIMED-AI) Program to support development of innovative, reliable, cost-effective, and sustainable multimodal AI-based clinical decision support (CDS) tools. PRIMED-AI CDS tools are based on the integration of clinical imaging with other types of multimodal health data to enhance care for patients with a wide range of health conditions. The PRIMED-AI Program seeks to catalyze the adoption of AI-based CDS…",random,,,,,,,,,,
g155,f9277779-7686-4966-a0ee-20d31ac0dd0e,Matthew F Krummel,Translational,translational,Local gene editing of fibroblasts in tumors reveals a new cancer-associated fibroblast state. | Differential assembly of mouse and human tumor microenvironments. | Targeting CD206+ macrophages disrupts the establishment of a key antitumor immune axis.,5f1f8367-f5ec-41cc-aa7d-028dd5d3cf5e,PAR-27-069,Accelerating Discovery through Partnered Research with All of Us to Analyze Participant Biospecimens (X01 Clinical Trial Not Allowed),Clinical Trial Not Allowed,discovery,"The purpose of this Program Announcement with Special Receipt, Referral, and/or Review Considerations (PAR) is to solicit applications to access stored blood plasma, blood serum, and extracted DNA from the All of Us Research Program supported Biobank to advance the program's mission of accelerating health research and medical breakthroughs, enabling individualized prevention, treatment, and care for all of us. All of Us partnered research studies are collaborative initiatives funded by a study sponsor external to All of Us to collect and add new data to the All of Us Researcher Workbench in…",random,,,,,,,,,,
g156,e7ad1842-9635-40c3-89b0-b0efae927f63,Peter J Turnbaugh,Molecular / cellular mechanistic,discovery,Shifts in the human gut microbiome during cancer chemotherapy are diet-dependent. | Expansion of a bacterial operon during cancer treatment ameliorates drug toxicity. | Gut bacterial lactate stimulates lung epithelial mitochondria and exacerbates acute lung injury.,49640efe-2d80-4f97-8519-dd41989344d8,PAR-25-069,Mechanisms that Impact Cancer Risk with Use of Incretin Mimetics (R01 Clinical Trial Optional),Clinical Trial Optional,none,"Through this notice of funding opportunity (NOFO), the National Cancer Institute (NCI) invites applications for investigator-initiated studies addressing mechanisms by which incretin mimetics, specifically glucagon-like peptide (GLP)-1 or dual GLP-1/ glucose?dependent insulinotropic polypepide (GIP)-1 receptor agonists (RAs), impact cancer risk. The focus on these agents is due to their reported effects on thyroid, prostate and other cancer risks, and the generally more favorable efficacy and side effect profile compared to other classes of incretin mimetics. In addition, this NOFO seeks to…",random,,,,,,,,,,
g157,e8cdb893-fdb6-42e9-86fc-877f6100da9a,Renuka R Nayak,Molecular / cellular mechanistic,discovery,Multi-cohort Analysis Reveals Microbiome Signatures Associated with Drug Response in New-Onset Rheumatoid Arthritis. | The gut microbiome shapes pharmacology and treatment outcomes for a key anti-inflammatory therapy. | Identifying and targeting gut microbial mechanisms that contribute to methotrexate response in rheumatoid arthritis (1I01CX002557-01 · FY2024 · I01),cd6c321f-eb68-43ba-aabe-d75467045c2b,PAR-25-040,Schizophrenia and related disorders during mid- to late-life (R21 Clinical Trial Optional),Clinical Trial Optional,none,"The purpose of this Notice of Funding Opportunity (NOFO) is to encourage applications that will advance translational research to better understand the emergence, trajectory, and outcomes of schizophrenia and related psychotic disorders in mid- to late-life, and to identify targets for future development of prevention and treatment interventions. This NOFO uses the R21 grant mechanism, while the companion NOFO (PAR-25-039 uses the R01 mechanism. Investigators proposing high risk/high reward projects that lack preliminary data may be more appropriate for the R21 mechanism, while applicants…",random,,,,,,,,,,
g158,3748aa25-0c77-4c04-aabc-42489eebe490,John R Greenland,Translational,translational,Persistent and progressive acute lung allograft dysfunction is linked to cell compositional and transcriptional changes in small airways. | Cytomegalovirus-associated CD57 + KLRG1 + CD8 + TEMRA T cells are associated with reduced risk of CMV viremia in kidney transplantation and chronic allograft dysfunction in lung transplantation. | Frailty in lung transplant recipients is associated with anemia and telomere dysfunction but independent of epigenetic age.,6aa99efa-03d5-4487-b119-8f7352c3bf9c,PAR-24-269,NIDA Animal Genomics Program (U01  Clinical Trial Not Allowed),Clinical Trial Not Allowed,discovery,"The purpose of the National Institute on Drug Abuse (NIDA) Animal Genetics Program is to identify genetic, genomic, and molecular (epi)genetic variants that underlie neural and behavioral processes and phenotypes relevant to SUD risk, the SUD trajectory and SUD comorbidities. This opportunity supports research that links genetic, genomic and molecular mechanisms to neural circuit function and behavior. Applications may seek to identify any type of genomic and/or epigenomic variants that contribute to the genetic architecture of addiction, including single nucleotide variants (SNVs), indels,…",random,,,,,,,,,,
g159,b4b23925-cb44-4cee-b9b3-10ea0fa383b6,Samuel J Pleasure,Molecular / cellular mechanistic,discovery,Aberrant FGF signaling promotes granule neuron precursor expansion in SHH subgroup infantile medulloblastoma. | The Neocortical Progenitor Specification Program Is Established through Combined Modulation of SHH and FGF Signaling. | Antigen-directed therapies for autoantibody associated neuroinflammatory diseases. (1RM1NS138808-01 · FY2025 · RM1),64c0a9a3-24b4-4dab-880c-102357359a6c,PAR-26-134,The Metastasis Research Network (MetNet): MetNet Research Projects (U01 Clinical Trial Not Allowed),Clinical Trial Not Allowed,discovery,"The National Cancer Institute's (NCI) Metastasis Research Network (MetNet) is a collection of U54 Research Centers that support using systems-level approaches to understand pressing questions in metastasis. The overall goal of the MetNet is to advance our understanding of metastasis as a whole body, systems-level problem to develop a comprehensive and cohesive picture of the processes involved. Through this Notice of Funding Opportunity (NOFO), the NCI invites applications for MetNet Research Projects. These Research Projects should be defined as discrete entities that use systems-level…",random,,,,,,,,,,
g160,3e8e5259-0601-4778-a1c8-c4cc64835c26,Arun Prakash,Animal-model research,preclinical,Gut microbiome-derived propionate reprograms alveolar macrophages metabolically and regulates lung injury responses in mice. | Gut Microbiota-Derived Lipopolysaccharides and Short-Chain Fatty Acids Regulate Immune Responses via FFAR2/FFAR3 in Lung Ischemia-Reperfusion Injury. | Dietary tryptophan mitigates lung ischemia-reperfusion injury in association with increased indole-3-propionate and aryl hydrocarbon receptor signaling.,534df124-f661-4be6-9d81-ad53fa961a45,RFA-DC-27-004,BRAIN Initiative: Exploratory Research Opportunities Using Invasive Neural Recording and Stimulating Technologies in the Human Brain (R61 Clinical Trial Not Allowed),Clinical Trial Not Allowed,translational,"Invasive surgical procedures in humans offer the unique opportunity to intracranially record and stimulate neuronal activity within precisely localized brain structures, enabling high-impact human neuroscience investigations. This NOFO seeks exploratory research projects, from newly formed or established multi-disciplinary teams, to understand how dynamic activity of single cells and ensembles of neurons in spatially organized networks gives rise to the internal states we experience as sensations, perceptions, emotions, thoughts, and memories, and to observable motor and social behaviors.…",random,,,,,,,,,,
g161,cf121f99-6e60-4b04-821b-a863b65c6811,Richard M Locksley,Animal-model research,preclinical,IL-25-induced memory type 2 innate lymphoid cells enforce mucosal immunity. | Telocytes link epithelial nutrient sensing with amplification of the ILC2-tuft cell circuit. | TSLP links intestinal nutrient sensing with amplification of the ILC2-tuft cell circuit.,d466aefd-be25-4f4b-bca1-4f73b531e223,PAR-25-362,Early Immune System Development and Ontogeny (R01 Clinical Trial Optional),Clinical Trial Optional,discovery,"The purpose of this Notice of Funding Opportunity (NOFO) is to further elucidate the mechanisms of early immune development in utero, during the early post-natal period and during early childhood in neonates, infants, and children and adolescents with or without in-utero exposure to HIV or Anti-Retroviral Therapeutics (ART). This initiative aims to understand intricate mechanisms of immune cells at the maternal-fetal interface, T and B cell development and maturation in offspring, and local immune responses and the role of systemic immunity.",random,,,,,,,,,,
g162,001f7e5b-4cda-43ff-b12a-ec8dfe428e98,Art Weiss,Molecular / cellular mechanistic,discovery,"Peeking Into the Black Box of T Cell Receptor Signaling. | The phosphatidylinositol-transfer protein Nir3 promotes PI(4,5)P(2) replenishment in response to TCR signaling during T cell development and survival. | Cold Spring Harbor Laboratory 2022: emerging insights and viewpoints in immunology.",50e2bf40-79ea-4faa-b84d-8fe2c58c9c6a,PA-24-191,Mentored Quantitative Research Development Award (Parent K25 Independent Clinical Trial Not Allowed),Clinical Trial Not Allowed,none,"The purpose of the Mentored Quantitative Research Career Development Award (K25) is to attract to NIH-relevant research those investigators whose quantitative science and engineering research has thus far not been focused primarily on questions of health and disease. The K25 award will provide support and ""protected time"" for a period of supervised study and research for productive professionals with quantitative (e.g., mathematics, statistics, economics, computer science, imaging science, informatics, physics, chemistry) and engineering backgrounds to integrate their expertise with…",random,,,,,,,,,,
g163,f9277779-7686-4966-a0ee-20d31ac0dd0e,Matthew F Krummel,Translational,translational,Local gene editing of fibroblasts in tumors reveals a new cancer-associated fibroblast state. | Differential assembly of mouse and human tumor microenvironments. | Targeting CD206+ macrophages disrupts the establishment of a key antitumor immune axis.,890318a6-e2b6-4dd0-bf26-24ffd4dc3332,PAR-25-248,Utilizing the PLCO Biospecimens Resource to Bridge Gaps in Cancer Etiology and Early Detection Research (U01 Clinical Trial Not Allowed),Clinical Trial Not Allowed,clinical,"Through this Notice of Funding Opportunity (NOFO), the National Cancer Institute (NCI) encourages the submission of applications that propose to advance research in cancer etiology and early detection biomarkers, utilizing the advantages of the unique biorepository resources of the NCI-sponsored Prostate, Lung, Colorectal, and Ovarian Cancer (PLCO) Screening Trial. The PLCO Biorepository offers high-quality, prospectively collected, serial pre-diagnostic blood samples from the PLCO screened arm participants, and buccal cells from both the screened and the control arm participants. Available…",random,,,,,,,,,,
g164,dafe30c2-6e09-425b-bed2-1b924d49b4b4,Jody L Baron,Translational,translational,Clinical cure of chronic hepatitis B is associated with priming and perpetuation of hepatic CD4(+) T cell responses. | Immune analysis of the HBsAg seroclearance response terminating chronic HBV (1R01AI187598-01 · FY2025 · R01) | Clinical cure of chronic hepatitis B is dependent on activation and perpetuation of robust CD4 + T cell responses.,beee4dc7-9ebb-41ef-9a97-1b12d153dc9a,PAR-25-338,Academic-Industrial Partnerships for Translation of Technologies for Diagnosis and Treatment (R01 - Clinical Trial Not Allowed),Clinical Trial Not Allowed,none,"The purpose of this Notice of Funding Opportunity (NOFO) is to stimulate efforts to translate scientific discoveries and engineering developments into methods or tools that address problems in basic research to understand disease, or in applied research to assess risk, detect, prevent, diagnose, treat, and/or manage disease. The rationale is to deliver new capabilities to meet evolving requirements for technologies and methods relevant to the advance of research and delivery of care in pre-clinical, clinical and non-clinical settings, domestic or foreign, for conditions and diseases within…",random,,,,,,,,,,
g165,04b13c51-2c31-4cde-bce3-dba786a0e309,Scott S Zamvil,Translational,translational,Discoveries beyond molecular mimicry describe how EBV drives multiple sclerosis. | Antigen specificity of clonally enriched CD8(+) T cells in multiple sclerosis. | B-cell antigen presentation in central nervous system autoimmunity.,c4c341f9-e1ea-44a7-b10a-264fbb825c01,RFA-NS-25-021,BRAIN Initiative:  Next-Generation Devices for Recording and Modulation in the Human Central Nervous System (UG3/UH3 Clinical Trial Optional),Clinical Trial Optional,clinical,"The purpose of this Notice of Funding Opportunity (NOFO) is to encourage investigators to pursue translational activities and small clinical studies for recording and/or stimulating devices to treat central nervous system disorders and better understand the human brain. Activities supported in this program include regulatory activities to obtain an Investigational Device Exemption (IDE) for a Significant Risk (SR) study, as well as a subsequent small clinical study. Only Significant Risk (SR) clinical studies that will require an Investigational Device Exemption (IDE) from the FDA, such as…",random,,,,,,,,,,
g166,8850ac87-c422-4022-905c-885b330f2eb4,Julia Carnevale,Molecular / cellular mechanistic,discovery,In vivo genome-wide CRISPR screens in human T cells to enhance T cell therapy for solid tumors. | Virus-like particles enable targeted gene engineering and pooled CRISPR screening in primary human myeloid cells. | Understanding TCR T cell knockout behavior using interpretable machine learning.,24454a71-103c-45bf-9c12-190c7254ac17,PAR-25-337,Academic-Industrial Partnerships for Translation of Technologies for Diagnosis and Treatment (R01 - Clinical Trial Optional),Clinical Trial Optional,translational,"The purpose of this Notice of Funding Opportunity (NOFO) Announcement is to stimulate efforts to translate scientific discoveries and engineering developments into methods or tools that address problems in basic research to understand disease, or in applied research to assess risk, detect, prevent, diagnose, treat, and/or manage disease. The rationale is to deliver new capabilities to meet evolving requirements for technologies and methods relevant to the advance of research and delivery of care in pre-clinical, clinical and non-clinical settings, domestic or foreign, for conditions and…",random,,,,,,,,,,
g167,73550db6-4ad0-4418-927d-e6ea3c53903c,Maya E Kotas,Molecular / cellular mechanistic,discovery,Tuft Cells: Context- and Tissue-Specific Programming for a Conserved Cell Lineage. | Microbial sensing through the non-canonical inflammasome modulates airway type 2 immunity. | Defining the role of tuft cells in allergic airway disease (1K08HL155490-01A1 · FY2022 · K08),204a36ee-594e-4e53-adbc-9d06cdfda7c0,PAS-25-205,Stimulating Hematology Investigation: New Endeavors (SHINE) (R01 Clinical Trial Not Allowed),Clinical Trial Not Allowed,discovery,"The Stimulating Hematology Investigation: New Endeavors (SHINE) program is intended to promote innovative, high-quality nonmalignant hematology research relevant to the missions of the National Institute of Diabetes and Digestive and Kidney Diseases (NIDDK), National Institute of Aging (NIA), and the National Heart, Lung, and Blood Institute (NHLBI). Investigator-initiated research project grant applications (R01s) in specific areas of basic and early translational hematology research are invited to this program that supports growth in the non-malignant hematology research domain. Specific…",random,,,,,,,,,,
g168,377f678d-3669-4a2e-a74b-afae07cdf6f0,Michael T McManus,Molecular / cellular mechanistic,discovery,Multiplexed perturbation enables scalable pooled screens. | Scalable imaging-based profiling of CRISPR perturbations with protein barcodes. | iSTAR Tregs (1U01DK137140-01 · FY2023 · U01),e155b9f2-d9b2-4635-bf2b-e332ecc125a9,RFA-CA-27-006,NCI Community Oncology Research Program (NCORP) Research Bases (UG1 Clinical Trial Required),Clinical Trial Required,clinical,"This Notice of Funding Opportunity (NOFO) is one of three NOFOs for the National Cancer Institute (NCI) Community Oncology Research Program (NCORP). NCORP is designed to enhance generalizability and dissemination of clinical trial and other human subject research study results through accrual in a variety of community settings. The purpose of NCORP is to engage cancer patient populations, those at risk of cancer, and organizations in rigorous studies focused on cancer control, prevention, treatment and care delivery. NCORP is a community-based research network that: - Designs and conducts…",random,,,,,,,,,,
g169,82c8be9f-9af5-40ab-976f-91b60b288d89,Marina Sirota,Molecular / cellular mechanistic,discovery,Computational discovery of precision therapeutics for hidradenitis suppurativa. | Integrating single-cell and bulk transcriptomic perturbation resources reveals complementary therapeutic spaces for drug repurposing. | A Transcriptomics-Based Computational Drug Repositioning Pipeline Identifies Simvastatin And Primaquine As Novel Therapeutics For Endometriosis Pain.,e270776c-b152-4039-9d9d-adebb2e2a89d,RFA-HL-26-019,Catalyze Product Definition  Medical Device prototype design/testing and disease target identification and assay development (R61/R33 - Clinical Trial Not Allowed),Clinical Trial Not Allowed,translational,"This Notice of Funding Opportunity (NOFO) will provide the early stage translational support needed to develop and test device prototype designs, identify diagnostic disease targets and develop associated assays, and develop research tools for use in the treatment of heart, lung, blood and sleep (HLBS) diseases and disorders. This NOFO is part of a suite of Catalyze innovation grants to advance projects to the point where they can meet the entry criteria for the NHLBI Catalyze Preclinical program or attract independent development support from other federal or private partners for…",random,,,,,,,,,,
g170,a60d006a-ed8b-48c8-b9fd-d783c22affc9,Elena G Nedelcu,Clinical observational,clinical,History matters: Preventing severe allergic transfusion reactions. | A Single-Center Description of Pediatric Transfusion Reactions and Preventable Patient Harm. | Optimized strategy to mitigate daratumumab interference in blood bank testing: Reducing cost and time.,9b98476e-5f91-4724-b530-931d3a463ed5,RFA-HG-27-012,"GREGoRi Technology Integration Center (U01, Clinical Trials Optional)",Clinical Trial Optional,discovery,"The Genomics Research to Elucidate the Genetics of Rare Diseases:innovation (GREGoRi) initiative seeks to accelerate a paradigm shift in rare disease diagnosis by reimagining the tools, molecular technologies and analytical approaches used to identify the causal gene(s) and/or variant(s) underlying rare genetic disorders. The purpose of this Notice of Funding Opportunity is to establish the GREGoRi Technology Integration Center, which will enable the development of standards and best practices for applying new and emerging molecular methods in rare disease diagnosis. A major deliverable of…",random,,,,,,,,,,
g171,e8cdb893-fdb6-42e9-86fc-877f6100da9a,Renuka R Nayak,Molecular / cellular mechanistic,discovery,Multi-cohort Analysis Reveals Microbiome Signatures Associated with Drug Response in New-Onset Rheumatoid Arthritis. | The gut microbiome shapes pharmacology and treatment outcomes for a key anti-inflammatory therapy. | Identifying and targeting gut microbial mechanisms that contribute to methotrexate response in rheumatoid arthritis (1I01CX002557-01 · FY2024 · I01),d4cb71c8-0c3a-4dc0-8eda-56ea3578795c,PA-24-193,NIH Pathway to Independence Award (Parent K99/R00  Independent Clinical Trial Required),Clinical Trial Required,clinical,"The purpose of the NIH Pathway to Independence Award (K99/R00) program is to facilitate a timely transition of outstanding postdoctoral researchers with a research and/or clinical doctorate degree from mentored, postdoctoral research positions to independent, tenure-track or equivalent faculty positions. The program will provide independent NIH research support during this transition in order to help awardees to launch competitive, independent research careers. This Notice of Funding Opportunity (NOFO) is designed specifically for candidates proposing to serve as the lead investigator of an…",random,,,,,,,,,,
g172,1d7d0c3a-5a33-4064-aeaf-c170e530f56d,Chris S Hsiung,Molecular / cellular mechanistic,discovery,Engineered CRISPR-Cas12a for higher-order combinatorial chromatin perturbations. | High-throughput engineering of combinatorial chromatin signals and epigenetic cellular memory (1K01HG012789-01A1 · FY2023 · K01) | A hyperactive transcriptional state marks genome reactivation at the mitosis-G1 transition.,6aa99efa-03d5-4487-b119-8f7352c3bf9c,PAR-24-269,NIDA Animal Genomics Program (U01  Clinical Trial Not Allowed),Clinical Trial Not Allowed,discovery,"The purpose of the National Institute on Drug Abuse (NIDA) Animal Genetics Program is to identify genetic, genomic, and molecular (epi)genetic variants that underlie neural and behavioral processes and phenotypes relevant to SUD risk, the SUD trajectory and SUD comorbidities. This opportunity supports research that links genetic, genomic and molecular mechanisms to neural circuit function and behavior. Applications may seek to identify any type of genomic and/or epigenomic variants that contribute to the genetic architecture of addiction, including single nucleotide variants (SNVs), indels,…",random,,,,,,,,,,
g173,6b1d1dbd-539e-45f0-955c-682f4dc9fa7d,Elizabeth E Crouch,Molecular / cellular mechanistic,discovery,The molecular landscape of vascular cells in the human brain. | The promise of cerebral organoids for neonatology. | Profiling human brain vascular cells using single-cell transcriptomics and organoids.,b0f166c7-b28c-41f7-8091-b644a5d9743e,PAR-25-265,Innovative Screening Approaches and Therapies for Screenable Disorders in Newborns (R01 - Clinical Trial Optional),Clinical Trial Optional,discovery,"This NOFO encourages research relevant to the development of novel screening approaches and/or therapeutic interventions for conditions for which newborn screening has already been implemented, as well as for potentially fatal or disabling genetic conditions that could benefit in the near future from the early detection made possible by newborn screening. This research is especially critical given that accurate screening tests and demonstrable benefits of early intervention are often prerequisites for new conditions to be added to newborn screening panels.",random,,,,,,,,,,
g174,46b632a0-c38c-4918-9b1a-c2dc1f7bc271,Bridget P Keenan,Translational,translational,Oral Toxicities of PSMA-Targeted Therapies: Mitigation Strategies and Translational Opportunities. | Combination LIGHT overexpression and checkpoint blockade disrupts the tumor immune environment impacting colorectal liver metastases. | Intratumoral heterogeneity and immunotherapy resistance: clinical implications.,ea95ee76-9707-4124-bb55-796e7d501b38,PAR-24-304,Revision Applications for Validation of Biomarker Assays Developed Through NIH-Supported Research Grants (R01 Clinical Trial Not Allowed),Clinical Trial Not Allowed,translational,"Through this Notice of Funding Opportunity (NOFO), the National Cancer Institute (NCI) encourages revision applications (formerly called ""competing revisions"") from currently funded NCI R01 research projects. The applicants should propose projects that are expected to accelerate the pace of translation of NCI-supported methods/assays/technologies (referred to as ""assays"") to the clinic. Specifically, the focus of applications submitted in response to this NOFO should be on the adaption and clinical validation of molecular/cellular/imaging markers (referred to as ""markers"" or ""biomarkers"")…",random,,,,,,,,,,
g175,2e0d35ce-9900-4d03-8973-abb186594cdd,Peter M Bruno,Molecular / cellular mechanistic,discovery,"High-throughput, targeted MHC class I immunopeptidomics using a functional genetics screening platform. | The primary mechanism of cytotoxicity of the chemotherapeutic agent CX-5461 is topoisomerase II poisoning. | A multi-subunit autophagic capture complex facilitates degradation of ER-stalled MHC class I in pancreatic cancer.",af813c66-6fa0-499e-a850-a62e4dcebd0b,PAR-25-243,Basic Research in Cancer Health Disparities (R01 Clinical Trial Not Allowed),Clinical Trial Not Allowed,discovery,"This Notice of Funding Opportunity (NOFO) encourages grant applications from investigators interested in conducting basic, mechanistic research into the biological/genetic causes of cancer health disparities. These research project grants (R01) will support innovative studies designed to investigate biological/genetic contributors of cancer health disparities, such as (1) mechanistic studies of biological factors associated with cancer health disparities, including those related to basic research in cancer biology or cancer prevention strategies, (2) the development and testing of new…",random,,,,,,,,,,
g176,116cdac4-0f58-41ee-b753-b779b9b2784f,Satish K Pillai,Molecular / cellular mechanistic,discovery,microRNA-422a promotes HIV replication and innate immune evasion by targeting MECP2. | Modulation of Galectin-9 to Target HIV Persistence (1R01AI184421-01A1 · FY2024 · R01) | High-resolution Inference of Multiplexed Anti-HIV Gene Editing using Single-Cell Targeted DNA Sequencing.,5fda7616-99f5-40d4-abab-d5db4df5326b,PAR-25-037,Cellular and Molecular Biology of Complex Brain Disorders (R21 Clinical Trial Not Allowed),Clinical Trial Not Allowed,discovery,"This Notice of Funding Opportunity (NOFO) encourages research on the biology of high confidence risk factors associated with complex brain disorders, with a focus on the intracellular, transcellular and circuit substrates of neural function. For the purposes of this NOFO , the term ""complex"" can refer to a multifactorial contribution to risk (e.g., polygenic and/or environmental) and/or highly distributed functional features of the brain disorder. Studies may be either hypothesis-generating (unbiased discovery) or hypothesis-testing in design and may utilize in vivo, in situ, or in vitro…",random,,,,,,,,,,
g177,958d9cac-b96b-4c4f-a90c-6a40943c421f,Melanie Ott,Molecular / cellular mechanistic,discovery,Organoid and Primary Culture Core (1P01AI195327-01 · FY2026 · P01) | Targeted small molecule recruitment to suppress the HIV transcriptionally active reservoir (1R01DA063159-01 · FY2025 · R01) | Regulation of virion production by the ORF8 signal peptide across SARS-CoV-2 variants.,e535ed44-dfc3-46e6-bf7d-e99377e9aec6,RFA-FD-25-017,Reissue of RFA-FD-22-001 - Efficient and Innovative Natural History Studies Addressing Unmet Needs in Rare Diseases (R01 Clinical Trials Optional),Clinical Trial Optional,clinical,"The purpose of this notice of funding opportunity (NOFO) is to support efficient and innovative natural history studies that advance medical product development in rare diseases/conditions with unmet needs. Through the support of natural history studies with high quality and interpretable data elements, FDA expects to address critical knowledge gaps, remove major barriers to progress in the field, exert a significant and broad impact on a specific rare disease or multiple rare diseases with similar pathophysiology, and facilitate rare disease product development.",random,,,,,,,,,,
g178,b4b23925-cb44-4cee-b9b3-10ea0fa383b6,Samuel J Pleasure,Molecular / cellular mechanistic,discovery,Aberrant FGF signaling promotes granule neuron precursor expansion in SHH subgroup infantile medulloblastoma. | The Neocortical Progenitor Specification Program Is Established through Combined Modulation of SHH and FGF Signaling. | Antigen-directed therapies for autoantibody associated neuroinflammatory diseases. (1RM1NS138808-01 · FY2025 · RM1),f624a0b8-90b7-4272-b0aa-d40b2559dee6,PAR-27-083,NIAID Resource-Related Research Projects (R24 Clinical Trial Not Allowed),Clinical Trial Not Allowed,none,This notice of funding opportunity (NOFO) invites applications for investigator-initiated Resource-Related Research Projects (R24). The proposed resource must provide a significant benefit to currently funded high priority projects in need of further coordination and support in the areas specified. This mechanism may also be used to support development of a new resource to the broader scientific community of the National Institute of Allergy and Infectious Diseases (NIAID). It is anticipated that the request for resource support through the R24 activity code will occur on an infrequent basis…,random,,,,,,,,,,
g179,2ed11cbc-29c0-400a-b807-ebeea70f9c8e,Marlys S Fassett,Animal-model research,preclinical,Illuminating IL-31-producing cells in allergic skin disease (1R03AR082948-01 · FY2023 · R03) | IL-31-dependent neurogenic inflammation restrains cutaneous type 2 immune response in allergic dermatitis. | Identification of Functionally Relevant microRNAs in the Regulation of Allergic Inflammation.,030c533a-8a20-443a-b10c-4b29898ba5fa,PAR-25-183,Early Stage Testing of Pharmacologic or Neuromodulatory Device-based Interventions for the Treatment of Mental Disorders (R33- Clinical Trial Required),Clinical Trial Required,clinical,"NIMH solicits clinical trial applications through a series of notice of funding opportunities (NOFOs) that cover the intervention development pipeline, from first-in-human, early testing of new interventions, confirmatory efficacy trials, through to effectiveness trials. The purpose of this NOFO is to support the early-stage testing of pharmacologic interventions with novel mechanisms of action or neuromodulatory device-based interventions for the treatment of symptoms or domains of altered functions in individuals with mental illness. Early intervention studies are also encouraged where…",random,,,,,,,,,,
g180,958d9cac-b96b-4c4f-a90c-6a40943c421f,Melanie Ott,Molecular / cellular mechanistic,discovery,Organoid and Primary Culture Core (1P01AI195327-01 · FY2026 · P01) | Targeted small molecule recruitment to suppress the HIV transcriptionally active reservoir (1R01DA063159-01 · FY2025 · R01) | Regulation of virion production by the ORF8 signal peptide across SARS-CoV-2 variants.,ec42a20e-f2aa-4391-b992-160523687201,PAS-25-073,Priority HIV/AIDS Research within the Mission of NIDDK (R01 Clinical Trial Optional),Clinical Trial Optional,none,This Notice of Funding Opportunity (NOFO) seeks to stimulate HIV/AIDS research within the mission of the National Institute of Diabetes and Digestive and Kidney Diseases (NIDDK) that aligns with the HIV/AIDS research priorities outlined by the NIH Office of AIDS Research (OAR). These priorities were most recently described in NOT-OD-20-018 UPDATE: NIH HIV/AIDS Research Priorities and Guidelines for Determining HIV/AIDS Funding.,random,,,,,,,,,,
g181,22c37ea5-af38-47c1-9dca-d04ee805b8f4,Catera L Wilder,no paradigm evidence,none,,0056eec0-7039-4927-a308-adc45615e40b,PA-25-253,Exploratory Grants in Cancer Control (R21 Clinical Trial Optional),Clinical Trial Optional,population,"Through this Notice of Funding Opportunity (NOFO), the National Cancer Institute (NCI) encourages the submission of exploratory/developmental research grant (R21) applications that focus on different aspects of cancer control by modifying behavior, screening, and understanding etiologic factors contributing to the development of cancer, and developing ways to control cancer. The overarching goal is to provide support to promote the early and conceptual stages of research efforts on novel scientific ideas that have the potential to substantially advance population-based cancer research, such…",dropped,,,,,,,,,,
g182,77d0950b-d18d-4b40-a051-d391423b74b2,Judith F Ashouri-Sinha,no paradigm evidence,none,,0056eec0-7039-4927-a308-adc45615e40b,PA-25-253,Exploratory Grants in Cancer Control (R21 Clinical Trial Optional),Clinical Trial Optional,population,"Through this Notice of Funding Opportunity (NOFO), the National Cancer Institute (NCI) encourages the submission of exploratory/developmental research grant (R21) applications that focus on different aspects of cancer control by modifying behavior, screening, and understanding etiologic factors contributing to the development of cancer, and developing ways to control cancer. The overarching goal is to provide support to promote the early and conceptual stages of research efforts on novel scientific ideas that have the potential to substantially advance population-based cancer research, such…",dropped,,,,,,,,,,
g183,9a53c7cc-46be-4075-b587-28e52483dbf6,Hugo Gonzalez Velozo,Basic / fundamental discovery,discovery,Cellular architecture of human brain metastases.,803a9b60-5c51-46a4-915c-32af964dc9b7,PAR-25-447,"NHLBI TOPMed: Omics Phenotypes of Heart, Lung, and Blood Disorders (X01 - Clinical Trial Not Allowed)",Clinical Trial Not Allowed,discovery,"This Notice of Funding Opportunity (NOFO) invites applications to use NHLBI-funded TransOmics for Precision Medicine (TOPMed) program to access TOPMed capacity to generate a large volume of integrated genetic and multi-omics data to facilitate discovery of the molecular mechanisms of Heart, Lung, Blood, and Sleep (HLBS) disorders. No funding will be provided under this NOFO. The genomic data and related phenotypic data will be deposited in a public NIH-designated controlled-access database such as the database for Genotypes and Phenotypes (dbGaP) and NHLBI's BioData Catalyst (BDC). The…",dropped,,,,,,,,,,
g184,32b3b0e9-916c-475a-b137-3f0e5367da57,Jose Angel Nicolas Avila,Molecular / cellular mechanistic,discovery,"Rethinking Mitochondria: The Extracellular Dimension. | Vascular HIF2 Signaling Prevents Cardiomegaly, Alveolar Congestion, and Capillary Remodeling During Chronic Hypoxia.",0dbcafad-9fdd-453c-a227-4d4875899e81,PAR-25-044,Mechanisms that Impact Cancer Risk after Bariatric Surgery (R21 Clinical Trial Not Allowed),Clinical Trial Not Allowed,discovery,"Through this Notice of Funding Opportunity (NOFO), the National Cancer Institute (NCI) invites applications for support of investigator-initiated studies addressing mechanisms by which bariatric surgery impacts cancer risk, and seeks to draw in talented scientists who study bariatric surgery to investigate its effects on cancer, rather than shorter-term outcomes such as weight loss and diabetes. The goal of this NOFO is to support proof of concept studies for feasibility and exploratory development. Feasibility must not have already been developed in the literature or with preliminary data.…",dropped,,,,,,,,,,
g185,9491c97d-21f9-4842-b844-888446d427f5,Fatemeh Momen-Heravi,Molecular / cellular mechanistic,discovery,"Tumor-Associated Macrophages (TAMs) in Cancer: Functional Programs, Metastatic Mechanisms, and Therapeutic Targeting. | ATPase copper transporting beta contributes to cisplatin resistance as a regulatory factor of extracellular vesicles in head and neck squamous cell carcinoma. | Female sex is associated with worse survival in laryngeal head and neck squamous cell carcinoma.",33374c20-de98-4897-a4e4-8aff0a0602c2,PAR-25-043,Mechanisms that Impact Cancer Risk after Bariatric Surgery (R01 Clinical Trial Optional),Clinical Trial Optional,discovery,"Through this Notice of Funding Opportunity (NOFO), the National Cancer Institute (NCI) invites applications for support of investigator-initiated studies addressing mechanisms by which bariatric surgery impacts cancer risk and seeks to draw in talented scientists who study bariatric surgery to investigate its effects on cancer, rather than shorter term outcomes such as weight loss and diabetes.",dropped,,,,,,,,,,
g186,4f0f46cd-5087-479e-b7e4-16271d1613b0,Nam Woo Cho,Translational,translational,IL6 Supports Development of an Immunosuppressive Microenvironment and Resistance to Therapy in Glioblastoma. | IL-6 underlies microenvironment immunosuppression and resistance to therapy in glioblastoma. | Therapeutic radiation drives leptomeningeal dissemination of medulloblastoma through an innate immune process.,4d57871c-82fa-46f5-869d-21a12e36ecaf,PAR-25-336,Toward Translation of Nanotechnology Cancer Interventions (TTNCI; R01 Clinical Trial Not Allowed),Clinical Trial Not Allowed,translational,"This Notice of Funding Opportunity (NOFO), entitled ""Toward Translation of Cancer Nanotechnology Interventions (TTNCI)"" is designed to enable the translation of nanotechnology-based cancer interventions relying on nanoparticle formulations and/or nano-devices. Through the TTNCI initiative, the National Cancer Institute (NCI) encourages applications for advanced pre-clinical research, supporting translation of nanotechnology-based cancer diagnostics and therapeutics. TTNCI awards are expected to mature experimental nanomedicines designed for highly relevant cancer clinical objectives with a…",dropped,,,,,,,,,,
g187,fe574dcb-1fe3-4dc1-8d6a-f0595235ed26,Kristen E Mengwasser,Molecular / cellular mechanistic,discovery,Genetic Screens Reveal FEN1 and APEX2 as BRCA2 Synthetic Lethal Targets. | Genetic analysis of cancer drivers reveals cohesin and CTCF as suppressors of PD-L1. | Functional genomics reveals that tumors with activating phosphoinositide 3-kinase mutations are dependent on accelerated protein turnover.,0dbcafad-9fdd-453c-a227-4d4875899e81,PAR-25-044,Mechanisms that Impact Cancer Risk after Bariatric Surgery (R21 Clinical Trial Not Allowed),Clinical Trial Not Allowed,discovery,"Through this Notice of Funding Opportunity (NOFO), the National Cancer Institute (NCI) invites applications for support of investigator-initiated studies addressing mechanisms by which bariatric surgery impacts cancer risk, and seeks to draw in talented scientists who study bariatric surgery to investigate its effects on cancer, rather than shorter-term outcomes such as weight loss and diabetes. The goal of this NOFO is to support proof of concept studies for feasibility and exploratory development. Feasibility must not have already been developed in the literature or with preliminary data.…",dropped,,,,,,,,,,
g188,837c9251-1ccf-46c0-8613-05560c11384c,Rongze O Lu,Translational,translational,Assessment of cytoplasmic dsDNA for cellular immunogenicity. | Tumor-intrinsic chromatin programs enforce immune evasion in glioblastoma. | Protein phosphatase 2A regulates senescence and immunogenicity in medulloblastoma models.,24454a71-103c-45bf-9c12-190c7254ac17,PAR-25-337,Academic-Industrial Partnerships for Translation of Technologies for Diagnosis and Treatment (R01 - Clinical Trial Optional),Clinical Trial Optional,translational,"The purpose of this Notice of Funding Opportunity (NOFO) Announcement is to stimulate efforts to translate scientific discoveries and engineering developments into methods or tools that address problems in basic research to understand disease, or in applied research to assess risk, detect, prevent, diagnose, treat, and/or manage disease. The rationale is to deliver new capabilities to meet evolving requirements for technologies and methods relevant to the advance of research and delivery of care in pre-clinical, clinical and non-clinical settings, domestic or foreign, for conditions and…",dropped,,,,,,,,,,
g189,a598f94b-e8f7-4bfd-ac98-5dda11b3731b,James C Lee,Translational,translational,"The Liver-Immunity Nexus and Cancer Immunotherapy. | Tissue-specific Tregs in cancer metastasis: opportunities for precision immunotherapy. | Phase II trial of pembrolizumab, ipilimumab, and aspirin in melanoma: clinical outcomes and translational predictors of response.",e2b051ae-9fad-40a9-85db-37e1e46c2ebb,PAR-25-184,Early Stage Testing of Pharmacologic or Neuromodulatory Device-based Interventions for the Treatment of Mental Disorders (R61/R33 Clinical Trial Required),Clinical Trial Required,translational,"NIMH solicits clinical trial applications through a series of notice of funding opportunities (NOFOs) that cover the intervention development pipeline, from first-in-human, early testing of new interventions, confirmatory efficacy trials, through to effectiveness trials. The purpose of this NOFO is to support the early stage testing of pharmacologic interventions with novel mechanisms of action or neuromodulatory device-based interventions for the treatment of symptoms or domains of altered functions in individuals with mental illness (e.g., schizophrenia, depression, autism, obsessive…",dropped,,,,,,,,,,
g190,1d7d0c3a-5a33-4064-aeaf-c170e530f56d,Chris S Hsiung,Molecular / cellular mechanistic,discovery,Engineered CRISPR-Cas12a for higher-order combinatorial chromatin perturbations. | High-throughput engineering of combinatorial chromatin signals and epigenetic cellular memory (1K01HG012789-01A1 · FY2023 · K01) | A hyperactive transcriptional state marks genome reactivation at the mitosis-G1 transition.,45031d63-28a3-40da-8a70-ff5fb2a8ac9e,PAR-25-070,Mechanisms that Impact Cancer Risk with Use of Incretin Mimetics (R21 Clinical Trial Not Allowed),Clinical Trial Not Allowed,discovery,"Through this notice of funding opportunity (NOFO), the National Cancer Institute (NCI) invites applications for investigator-initiated studies addressing mechanisms by which incretin mimetics, specifically glucagon-like peptide (GLP)-1 or dual GLP-1/glucose-dependent insulinotropic polypeptide (GIP)-1 receptor agonists (RAs), impact cancer risk. The focus on these agents is due to their reported effects on thyroid, prostate and other cancer risks, and the generally more favorable efficacy and side effect profile compared to other classes of incretin mimetics. In addition, this NOFO seeks to…",dropped,,,,,,,,,,
g191,f24bda84-311d-4e99-8433-90f81f5de1d3,Oscar A Aguilar,Translational,translational,High-affinity CD16A polymorphism associated with reduced risk ofsevere COVID-19. | X chromosome enhances NK cell responses. | SYK negatively regulates ITAM-mediated human NK cell signaling and CD19-CAR NK cell efficacy.,480199bb-b422-4915-88a8-effb00dcad71,PAR-25-325,Integrating Biospecimen Science Approaches into Clinical Assay Development (U01 Clinical Trial Not Allowed),Clinical Trial Not Allowed,translational,"Through this Notice of Funding Opportunity (NOFO), the National Cancer Institute (NCI) intends to support extramural research to investigate and mitigate challenges in clinical assay development and subsequent analytical validation due to preanalytical variability in tumor tissue biopsies, blood biospecimens utilized as ""liquid biopsies"", or other biospecimens as described in this NOFO. Extramural research funded under this NOFO may include investigations of preanalytical variability associated with the procurement and study of small biopsies (core biopsies, small excision samples), blood…",dropped,,,,,,,,,,
g192,139becf2-467a-478d-b373-71483f58ba30,Thomas Arnold,Molecular / cellular mechanistic,discovery,Structure-guiding tools to study the role of choline in the development of congenital hydrocephalus (1R01NS142590-01 · FY2025 · R01) | Targeting aVb8 integrin to restore astrocyte-microglia crosstalk to treat Alzheimer's disease (1R41AG092194-01A1 · FY2025 · R41) | Temporal and Spatial Gene Expression Dynamics in Neonatal HI Hippocampus with Focus on Arginase.,e054ef15-eb42-42c2-8a03-3fc7d47f4a72,RFA-DA-25-024,High Priority HIV and Substance Use Research (R01 Clinical Trial Optional),Clinical Trial Optional,discovery,"The purpose of this notice of funding opportunity (NOFO) is to support high priority research at the intersection of HIV and substance use. This NOFO invites research projects with the potential to open new areas of HIV/AIDS research and/or lead to new avenues for prevention, treatment and cure of HIV among people who use addictive substances. Applications submitted under this NOFO are required to have a detailed research plan, preliminary data, and a clear description of the nexus with substance use. This initiative is open to both individual researchers and research teams. It addresses…",dropped,,,,,,,,,,
g193,d471d314-269b-4320-ae99-5b4b77116a04,Matija B Peterlin,Translational,translational,Reversible phosphorylation of cyclin T1 promotes assembly and stability of P-TEFb. | Bromodomain-containing protein 4-independent transcriptional activation by autoimmune regulator (AIRE) and NF-κB. | Nef is secreted in exosomes from Nef.GFP-expressing and HIV-1-infected human astrocytes.,d5bcabb3-50a2-4b26-9106-292e87213e92,PAR-26-040,"Advancing Bioinformatics, Translational Bioinformatics and Computational Biology Research (R01 Clinical Trial Optional)",Clinical Trial Optional,translational,"The National Library of Medicine (NLM) seeks applications for research projects that drive groundbreaking innovation and advanced development in the fields of bioinformatics, translational bioinformatics, and computational biology. The primary goal of this initiative is to support the creation and implementation of cutting-edge methods, tools, and approaches that can transform the landscape of biomedical data science. This NOFO aims to address the growing need to leverage transformative technologies — such as artificial intelligence (AI), machine learning, and large-scale computational…",dropped,,,,,,,,,,
g194,d77cb556-2bce-4fa9-bd0e-d14fb2b32bd6,Paola A Betancur,Molecular / cellular mechanistic,discovery,"Enhancer Clusters Drive Type I Interferon-Induced TRAIL Overexpression in Cancer, and Its Intracellular Protein Accumulation Fails to Induce Apoptosis. | An InDel Genomic Variant within a Bifunctional Super-Enhancer for LINC00636 and CD47 Regulation in Breast Cancer. | UCSF Profiles narrative (prior — reliability 0.6, never counted as a source)",9ae38beb-d5bd-438a-8eec-c631023596aa,PA-25-093,Limited Competition: CCRP Initiative: Promoting a Basic Understanding of Chemical Threats to Skin (R34 Clinical Trial Not Allowed),Clinical Trial Not Allowed,discovery,"This Notice of Funding Opportunity (NOFO) intends to support fundamental research that will contribute to basic understanding of skin injuries caused by chemicals that have been identified as public health threats, with an emphasis on investigating the commonalities of such injuries and identifying potential shared signaling pathways and therapeutic targets for medical countermeasure development.",dropped,,,,,,,,,,
g195,e77bca98-2a7d-4a3b-b863-bf908b6cb668,Jeannette L Tenthorey,Molecular / cellular mechanistic,discovery,"Indels allow antiviral proteins to evolve functional novelty inaccessible by missense mutations. | Defining HIV evolution at the innate immune interface (1DP2AI184621-01 · FY2024 · DP2) | UCSF Profiles narrative (prior — reliability 0.6, never counted as a source)",b0f166c7-b28c-41f7-8091-b644a5d9743e,PAR-25-265,Innovative Screening Approaches and Therapies for Screenable Disorders in Newborns (R01 - Clinical Trial Optional),Clinical Trial Optional,discovery,"This NOFO encourages research relevant to the development of novel screening approaches and/or therapeutic interventions for conditions for which newborn screening has already been implemented, as well as for potentially fatal or disabling genetic conditions that could benefit in the near future from the early detection made possible by newborn screening. This research is especially critical given that accurate screening tests and demonstrable benefits of early intervention are often prerequisites for new conditions to be added to newborn screening panels.",dropped,,,,,,,,,,
g196,3e8e5259-0601-4778-a1c8-c4cc64835c26,Arun Prakash,Animal-model research,preclinical,Gut microbiome-derived propionate reprograms alveolar macrophages metabolically and regulates lung injury responses in mice. | Gut Microbiota-Derived Lipopolysaccharides and Short-Chain Fatty Acids Regulate Immune Responses via FFAR2/FFAR3 in Lung Ischemia-Reperfusion Injury. | Dietary tryptophan mitigates lung ischemia-reperfusion injury in association with increased indole-3-propionate and aryl hydrocarbon receptor signaling.,6ff5b822-be0b-4ee7-9569-f2b0e12f37e4,PAR-25-158,Prevention and Intervention Approaches for Fetal Alcohol Spectrum Disorders (R61/R33 Clinical Trial Optional),Clinical Trial Optional,preclinical,"This Notice of Funding Opportunity (NOFO) focuses on prevention and intervention strategies for fetal alcohol spectrum disorders (FASD) throughout the lifespan. The intent of this NOFO is to support research that advances (1) prevention approaches to reduce prenatal alcohol exposure and the incidence of FASD and (2) interventions for FASD. These objectives will be accomplished with the Exploratory/Developmental Phased Award (R61/R33) mechanism, clinical trial optional. The R61 phase will support pilot studies or secondary data analysis for hypothesis development and feasibility, and research…",dropped,,,,,,,,,,
g197,5e7587f9-1611-43f3-aa09-c229766c7802,Roarke A Kamber,Molecular / cellular mechanistic,discovery,The peroxisomal exportomer directly inhibits phosphoactivation of the pexophagy receptor Atg36 to suppress pexophagy in yeast. | Inter-cellular CRISPR screens reveal regulators of cancer cell phagocytosis. | Systematic Discovery and Characterization of Novel Cancer Anti-Phagocytic Mechanisms (1K99CA259218-01A1 · FY2022 · K99),82442e7b-354d-4ccb-b648-3e96e34b9399,PAR-27-127,Silvio O. Conte Centers for Basic Neuroscience or Translational Mental Health Research (P50 Clinical Trial Optional),Clinical Trial Optional,discovery,"The Conte Centers program seeks highly meritorious applications focused on a well-defined and unified scientific question (hypothesis) or problem. A Conte Center application does not need to include both basic neuroscience and translational research; however, it should comprise a collaborative, cutting-edge, multidisciplinary research program that would be difficult to undertake within the confines of a single laboratory or a small-scale collaboration. Research topics may include any aspect of basic genetics and neuroscience related to cognitive, affective, or social function of the brain…",dropped,,,,,,,,,,
g198,8eab9559-2a9c-4d52-9102-b815234af1e0,Michael R Waterfield,Molecular / cellular mechanistic,discovery,"Runx3 instructs Aire(+) mTEC development, TSA gene expression, and central tolerance. | Thymic alveolar type 2 epithelial mimetic cells revealed by RUNX1 deficiency. | Foxp1 controls Fezf2-dependent gene expression, mimetic mTEC diversity, and thymic central tolerance.",81495a50-ca08-4953-862c-9bf375066434,RFA-CA-27-002,Advanced Development and Validation of Emerging Technologies for Basic and Clinical Cancer Research (R33 Clinical Trial Not Allowed),Clinical Trial Not Allowed,discovery,"Through this Notice of Funding Opportunity (NOFO), the National Cancer Institute (NCI) invites grant applications proposing exploratory research projects focused on further development and technical validation of emerging technologies offering novel capabilities for the molecular or cellular characterization of cancer or for improved handling and quality control of biospecimens used for basic, clinical, or epidemiological cancer research. This NOFO solicits R33 applications where major feasibility gaps for the technology or methodology have been overcome, as demonstrated with supportive…",dropped,,,,,,,,,,
g199,b924126a-c516-494a-a2dc-20d1389a0a3f,Sagar P Bapat,Translational,translational,Immune Dysregulation in Obesity. | TAMing immunity through an unexpected source. | SARS-CoV-2 seroprevalence and neutralizing activity in donor and patient blood.,38d8ea13-e780-4d8e-beee-9e3dc4d9c2b3,PAR-24-311,Molecular Imaging of Inflammation in Cancer (R01 Clinical Trial Not Allowed),Clinical Trial Not Allowed,translational,"Through this Notice of Funding Opportunity (NOFO), the National Cancer Institute (NCI) invites research grant applications (R01) for the development and application of current and emerging molecular imaging methods to gain fundamental insights into cancer inflammation in vivo. The motivation for this initiative is the recognition that much of the current imaging research on inflammation in cancer relies heavily on in vitro and ex vivo methods. These approaches have limited potential to provide significant insights into the dynamic interactions between cancer and inflammation. Utilizing…",dropped,,,,,,,,,,
g200,98a7327a-0c3e-475f-ba46-e863fc8bf41a,Angela M Phillips,Molecular / cellular mechanistic,discovery,Biophysical trade-offs in antibody evolution are resolved by conformation-mediated epistasis. | Hierarchical sequence-affinity landscapes shape the evolution of breadth in an anti-influenza receptor binding site antibody. | Biophysical constraints on antibody affinity maturation to SARS-CoV-2 (1R01AI189532-01A1 · FY2026 · R01),1e00fe3e-940e-4c22-922d-82093ea39e61,PAR-25-122,Pilot Projects Investigating Understudied Proteins Associated with Rare Diseases (R03 Clinical Trial Not Allowed),Clinical Trial Not Allowed,discovery,The purpose of this notice of funding opportunity (NOFO) is to solicit applications for pilot projects to elucidate a role for understudied proteins in rare disease. Awards will support generation of preliminary data and/or tools around eligible understudied protein(s). A list of eligible proteins is provided and are members of druggable protein families that have a known association with a rare disease. This NOFO is intended to jumpstart research on understudied proteins that are associated with rare diseases and provide applicants with sufficient funding to perform basic biochemical and/or…,dropped,,,,,,,,,,